dataset,variant,beta,anchor,metric_mean,metric_std,n_runs
california,Base,,,0.7617999999999999,0.023810501884672663,5
california,CEB,0.0001,,0.7893600000000001,0.00175869269629462,5
california,CEB,0.001,,0.7857,0.0039956226048014215,5
california,CEB,0.01,,0.74956,0.014207498020411598,5
california,CEB,0.1,,0.49135999999999996,0.05398099665623079,5
california,CEB,1.0,,0.03752,0.03505805185688446,5
california,CEB,10.0,,-0.00033999999999999997,0.00011401754250991381,5
california,CEB-tied,0.0001,,0.71316,0.06463109158911058,5
california,CEB-tied,0.001,,0.6927,0.09431230036426852,5
california,CEB-tied,0.01,,0.7813000000000001,0.005705698905480361,5
california,CEB-tied,0.1,,0.778,0.006541788746206962,5
california,CEB-tied,1.0,,0.7762800000000001,0.00381732890906717,5
california,CEB-tied,10.0,,0.77322,0.006085392345609302,5
california,EPB,0.0001,1.0,0.69754,0.08954441914491379,5
california,EPB,0.0001,6.0,0.78758,0.0035251950300657212,5
california,EPB,0.0001,12.0,0.7848599999999999,0.007009493562305359,5
california,EPB,0.001,1.0,0.71622,0.10346710588394749,5
california,EPB,0.001,6.0,0.78588,0.008567788512796074,5
california,EPB,0.001,12.0,0.77996,0.011625962325760374,5
california,EPB,0.01,1.0,0.77756,0.011279538997671836,5
california,EPB,0.01,6.0,0.78124,0.010675345427666485,5
california,EPB,0.01,12.0,0.78426,0.008653207497801,5
california,EPB,0.1,1.0,0.7757799999999999,0.007960967277912883,5
california,EPB,0.1,6.0,0.7818799999999999,0.009278038585821888,5
california,EPB,0.1,12.0,0.77796,0.005076219065406832,5
california,EPB,1.0,1.0,0.77088,0.005765587567629179,5
california,EPB,1.0,6.0,0.78068,0.007064488658070008,5
california,EPB,1.0,12.0,0.76456,0.003963331931594934,5
california,EPB,10.0,1.0,0.7725,0.00813941029804988,5
california,EPB,10.0,6.0,0.76924,0.0035352510519056474,5
california,EPB,10.0,12.0,0.7639,0.005252142420003495,5
california,EPB-FA,0.0001,1.0,0.7599400000000001,0.025794631224345888,5
california,EPB-FA,0.0001,6.0,0.78694,0.006937795038771347,5
california,EPB-FA,0.0001,12.0,0.78362,0.0035009998571836837,5
california,EPB-FA,0.001,1.0,0.7664,0.01703965962101358,5
california,EPB-FA,0.001,6.0,0.7821999999999999,0.008666891022737043,5
california,EPB-FA,0.001,12.0,0.78764,0.0022611943746613213,5
california,EPB-FA,0.01,1.0,0.77622,0.0072915704755560015,5
california,EPB-FA,0.01,6.0,0.77698,0.011288578298439529,5
california,EPB-FA,0.01,12.0,0.78594,0.0034406394754463976,5
california,EPB-FA,0.1,1.0,0.76744,0.0074965325317776065,5
california,EPB-FA,0.1,6.0,0.7862,0.003470590727815676,5
california,EPB-FA,0.1,12.0,0.78466,0.007021253449349356,5
california,EPB-FA,1.0,1.0,0.74278,0.008111843193750733,5
california,EPB-FA,1.0,6.0,0.7903,0.0028098042636454214,5
california,EPB-FA,1.0,12.0,0.78942,0.0005540758070878168,5
california,EPB-FA,10.0,1.0,0.75576,0.0052519520180596075,5
california,EPB-FA,10.0,6.0,0.7847999999999999,0.01010791768862409,5
california,EPB-FA,10.0,12.0,0.7896799999999999,0.00042071367935924846,5
california,EPB-FS,0.0001,1.0,0.69138,0.09692885019435646,5
california,EPB-FS,0.0001,6.0,0.78718,0.007105420466094861,5
california,EPB-FS,0.0001,12.0,0.78456,0.006719970238029318,5
california,EPB-FS,0.001,1.0,0.69294,0.09643043088154281,5
california,EPB-FS,0.001,6.0,0.78734,0.008194998474679565,5
california,EPB-FS,0.001,12.0,0.78522,0.007445602729128089,5
california,EPB-FS,0.01,1.0,0.7769999999999999,0.011093466545674552,5
california,EPB-FS,0.01,6.0,0.78454,0.01103870463414977,5
california,EPB-FS,0.01,12.0,0.78038,0.009101758071933098,5
california,EPB-FS,0.1,1.0,0.77988,0.0055876649863784884,5
california,EPB-FS,0.1,6.0,0.7831400000000001,0.009627980058143026,5
california,EPB-FS,0.1,12.0,0.77938,0.005483338399187111,5
california,EPB-FS,1.0,1.0,0.77878,0.0031538864912992568,5
california,EPB-FS,1.0,6.0,0.78296,0.003827270567911301,5
california,EPB-FS,1.0,12.0,0.76438,0.004203807797699585,5
california,EPB-FS,10.0,1.0,0.7649,0.007865430693865404,5
california,EPB-FS,10.0,6.0,0.77096,0.004358669521769232,5
california,EPB-FS,10.0,12.0,0.76298,0.004109379515206614,5
california,EPB-L,0.0001,1.0,0.7907200000000001,0.0029439769020832974,5
california,EPB-L,0.0001,6.0,0.79142,0.003431034829318989,5
california,EPB-L,0.0001,12.0,0.79074,0.0029082640870457203,5
california,EPB-L,0.001,1.0,0.78882,0.004421764353739333,5
california,EPB-L,0.001,6.0,0.78818,0.003425930530527434,5
california,EPB-L,0.001,12.0,0.78468,0.0038310572953168015,5
california,EPB-L,0.01,1.0,0.7628,0.008385105843100597,5
california,EPB-L,0.01,6.0,0.76374,0.006903839511460279,5
california,EPB-L,0.01,12.0,0.76276,0.009078711362302459,5
california,EPB-L,0.1,1.0,0.30500000000000005,0.04183748319390161,5
california,EPB-L,0.1,6.0,0.67736,0.011880782802492468,5
california,EPB-L,0.1,12.0,0.73652,0.003190141062711816,5
california,EPB-L,1.0,1.0,0.06870000000000001,0.002648584527629806,5
california,EPB-L,1.0,6.0,0.6541,0.016302147097851882,5
california,EPB-L,1.0,12.0,0.73236,0.006935632631562887,5
california,EPB-L,10.0,1.0,0.0486,0.0022737634001804134,5
california,EPB-L,10.0,6.0,0.65022,0.01782630079405144,5
california,EPB-L,10.0,12.0,0.7308600000000001,0.006058300091609846,5
california,EPB-RV,0.0001,1.0,0.75502,0.022286139190088563,5
california,EPB-RV,0.0001,6.0,0.7863800000000001,0.0014652644812456555,5
california,EPB-RV,0.0001,12.0,0.78354,0.002489578277540186,5
california,EPB-RV,0.001,1.0,0.78524,0.0025442091109026408,5
california,EPB-RV,0.001,6.0,0.78908,0.002478305872970499,5
california,EPB-RV,0.001,12.0,0.78578,0.002950762613291693,5
california,EPB-RV,0.01,1.0,0.77896,0.003463091104779111,5
california,EPB-RV,0.01,6.0,0.78748,0.0024519380090043176,5
california,EPB-RV,0.01,12.0,0.78652,0.0032306346125800015,5
california,EPB-RV,0.1,1.0,0.7806200000000001,0.007728971471030256,5
california,EPB-RV,0.1,6.0,0.7859,0.003653080891521559,5
california,EPB-RV,0.1,12.0,0.78492,0.0023134389985473743,5
california,EPB-RV,1.0,1.0,0.78252,0.005358824497965957,5
california,EPB-RV,1.0,6.0,0.78312,0.004822032766375597,5
california,EPB-RV,1.0,12.0,0.78336,0.0016935170504013438,5
california,EPB-RV,10.0,1.0,0.779,0.007625286879849173,5
california,EPB-RV,10.0,6.0,0.7825,0.00492442890089805,5
california,EPB-RV,10.0,12.0,0.78208,0.0023972901368003014,5
cora,GPB,0.0001,1.0,0.8737999999999999,0.00672495353143794,5
cora,GPB,0.0001,2.0,0.8800600000000001,0.00612070257405145,5
cora,GPB,0.0001,4.0,0.8572,0.007430679645900493,5
cora,GPB,0.0001,6.0,0.85274,0.022590883116868188,5
cora,GPB,0.0001,8.0,0.86754,0.008478973994534955,5
cora,GPB,0.0001,10.0,0.8520199999999999,0.022727780357967214,5
cora,GPB,0.0001,12.0,0.8465,0.027246559415823504,5
cora,GPB,0.0001,14.0,0.84724,0.03361075720658494,5
cora,GPB,0.0001,16.0,0.8413,0.02230605299016393,5
cora,GPB,0.001,1.0,0.8708600000000001,0.004875756351582775,5
cora,GPB,0.001,2.0,0.86974,0.009089169378991686,5
cora,GPB,0.001,4.0,0.8660399999999999,0.013060742704762231,5
cora,GPB,0.001,6.0,0.86862,0.010056440722243612,5
cora,GPB,0.001,8.0,0.8579399999999999,0.01601727192751622,5
cora,GPB,0.001,10.0,0.86714,0.005963891347098808,5
cora,GPB,0.001,12.0,0.84982,0.009459228298333868,5
cora,GPB,0.001,14.0,0.8424400000000001,0.026243723059047843,5
cora,GPB,0.001,16.0,0.8420799999999999,0.0281625993118533,5
cora,GPB,0.01,1.0,0.86494,0.003971523637094456,5
cora,GPB,0.01,2.0,0.8612400000000001,0.0058896519421778905,5
cora,GPB,0.01,4.0,0.87196,0.0089946094968042,5
cora,GPB,0.01,6.0,0.8630800000000001,0.017879373590816892,5
cora,GPB,0.01,8.0,0.85978,0.023801722626734377,5
cora,GPB,0.01,10.0,0.86678,0.012480464734936744,5
cora,GPB,0.01,12.0,0.85092,0.013378415451764105,5
cora,GPB,0.01,14.0,0.84354,0.023188962891858702,5
cora,GPB,0.01,16.0,0.85646,0.01616378668505619,5
cora,GPB,0.1,1.0,0.8782399999999999,0.007843022376609703,5
cora,GPB,0.1,2.0,0.8771000000000001,0.003616628264005011,5
cora,GPB,0.1,4.0,0.8646,0.003092733418838401,5
cora,GPB,0.1,6.0,0.8737999999999999,0.0077862057511987465,5
cora,GPB,0.1,8.0,0.8726800000000001,0.001308434178703703,5
cora,GPB,0.1,10.0,0.87896,0.0027826246602803205,5
cora,GPB,0.1,12.0,0.8764,0.0056696560742253285,5
cora,GPB,0.1,14.0,0.87748,0.006469698601944315,5
cora,GPB,0.1,16.0,0.87194,0.010065187529301177,5
cora,GPB,1.0,1.0,0.5668,0.2844765543942066,5
cora,GPB,1.0,2.0,0.62914,0.1377137720055623,5
cora,GPB,1.0,4.0,0.82914,0.10874485275175096,5
cora,GPB,1.0,6.0,0.8723000000000001,0.00155402702679202,5
cora,GPB,1.0,8.0,0.86936,0.0035274636780553738,5
cora,GPB,1.0,10.0,0.8763799999999999,0.004349367770147732,5
cora,GPB,1.0,12.0,0.8760199999999999,0.006809698965446293,5
cora,GPB,1.0,14.0,0.8630800000000001,0.01679633888679316,5
cora,GPB,1.0,16.0,0.85938,0.021344952564950836,5
cora,GPB,10.0,1.0,0.34243999999999997,0.08772435807687623,5
cora,GPB,10.0,2.0,0.48488,0.2230703185096574,5
cora,GPB,10.0,4.0,0.8812,0.005503180898353229,5
cora,GPB,10.0,6.0,0.87416,0.013554630205210319,5
cora,GPB,10.0,8.0,0.44871999999999995,0.24986267628439426,5
cora,GPB,10.0,10.0,0.33616,0.04796444516514291,5
cora,GPB,10.0,12.0,0.33358,0.048616581533464494,5
cora,GPB,10.0,14.0,0.44392,0.2515970429079007,5
cora,GPB,10.0,16.0,0.44318,0.24826091516789348,5
cora,OPB-FF,0.0001,1.0,0.88046,0.00590533656957839,5
cora,OPB-FF,0.0001,2.0,0.8852399999999999,0.0047558385170230425,5
cora,OPB-FF,0.0001,4.0,0.87784,0.0074312179351705065,5
cora,OPB-FF,0.0001,6.0,0.87342,0.008529478295886564,5
cora,OPB-FF,0.0001,8.0,0.87714,0.006969433262468349,5
cora,OPB-FF,0.0001,10.0,0.87418,0.005124646329260191,5
cora,OPB-FF,0.0001,12.0,0.87158,0.014064032138757369,5
cora,OPB-FF,0.0001,14.0,0.87414,0.0076519932043879815,5
cora,OPB-FF,0.0001,16.0,0.8767400000000001,0.0089898832028008,5
cora,OPB-FF,0.001,1.0,0.8767400000000001,0.004786752552618519,5
cora,OPB-FF,0.001,2.0,0.8848800000000001,0.004241697773297843,5
cora,OPB-FF,0.001,4.0,0.8778600000000001,0.0073227726989167,5
cora,OPB-FF,0.001,6.0,0.8760200000000001,0.007448624034007908,5
cora,OPB-FF,0.001,8.0,0.87454,0.009494366750868649,5
cora,OPB-FF,0.001,10.0,0.8734400000000001,0.00754009283762473,5
cora,OPB-FF,0.001,12.0,0.87048,0.010223355613495966,5
cora,OPB-FF,0.001,14.0,0.87158,0.008512167761504683,5
cora,OPB-FF,0.001,16.0,0.8752800000000001,0.00843842402347736,5
cora,OPB-FF,0.01,1.0,0.8712,0.006053098380168591,5
cora,OPB-FF,0.01,2.0,0.87454,0.009992897477708863,5
cora,OPB-FF,0.01,4.0,0.87858,0.006201773939769176,5
cora,OPB-FF,0.01,6.0,0.87714,0.004824209779849957,5
cora,OPB-FF,0.01,8.0,0.87712,0.009997349648781902,5
cora,OPB-FF,0.01,10.0,0.87822,0.005410822488309881,5
cora,OPB-FF,0.01,12.0,0.8767400000000001,0.006577461516421076,5
cora,OPB-FF,0.01,14.0,0.8756600000000001,0.009089169378991676,5
cora,OPB-FF,0.01,16.0,0.8763799999999999,0.007721204569236615,5
cora,OPB-FF,0.1,1.0,0.8523999999999999,0.004317406628984567,5
cora,OPB-FF,0.1,2.0,0.87306,0.003317830616532411,5
cora,OPB-FF,0.1,4.0,0.86828,0.003573093897450819,5
cora,OPB-FF,0.1,6.0,0.8712199999999999,0.005611327828598159,5
cora,OPB-FF,0.1,8.0,0.8752600000000001,0.0021007141642783926,5
cora,OPB-FF,0.1,10.0,0.8745,0.003699999999999981,5
cora,OPB-FF,0.1,12.0,0.87784,0.0020403431084011067,5
cora,OPB-FF,0.1,14.0,0.876,0.0040131035371642155,5
cora,OPB-FF,0.1,16.0,0.87562,0.004055490106016773,5
cora,OPB-FF,1.0,1.0,0.38192,0.07363034021380045,5
cora,OPB-FF,1.0,2.0,0.80776,0.17011451437193711,5
cora,OPB-FF,1.0,4.0,0.8745200000000001,0.003924538189392478,5
cora,OPB-FF,1.0,6.0,0.8764,0.0059715994507334655,5
cora,OPB-FF,1.0,8.0,0.87232,0.006031749331661573,5
cora,OPB-FF,1.0,10.0,0.8752600000000001,0.006478271374371423,5
cora,OPB-FF,1.0,12.0,0.8745200000000001,0.005057370858459957,5
cora,OPB-FF,1.0,14.0,0.87158,0.006081282759418414,5
cora,OPB-FF,1.0,16.0,0.8715999999999999,0.006180210352407087,5
cora,OPB-FF,10.0,1.0,0.35536,0.05718192896361578,5
cora,OPB-FF,10.0,2.0,0.30552,0.10361388420477248,5
cora,OPB-FF,10.0,4.0,0.52068,0.05706830994518763,5
cora,OPB-FF,10.0,6.0,0.8121600000000001,0.14874553102530508,5
cora,OPB-FF,10.0,8.0,0.8801,0.004531556024148879,5
cora,OPB-FF,10.0,10.0,0.8797,0.00304302481094057,5
cora,OPB-FF,10.0,12.0,0.7660600000000001,0.2570152291207663,5
cora,OPB-FF,10.0,14.0,0.67418,0.2889294066030663,5
cora,OPB-FF,10.0,16.0,0.64722,0.268288672887992,5
cora,OPB-FV,0.0001,1.0,0.86568,0.009283964670333475,5
cora,OPB-FV,0.0001,2.0,0.87858,0.002750818060141368,5
cora,OPB-FV,0.0001,4.0,0.8812,0.004463742824133132,5
cora,OPB-FV,0.0001,6.0,0.8712199999999999,0.004185928809714768,5
cora,OPB-FV,0.0001,8.0,0.87306,0.016060448312547212,5
cora,OPB-FV,0.0001,10.0,0.8737999999999999,0.013450836405220306,5
cora,OPB-FV,0.0001,12.0,0.8745,0.003699999999999981,5
cora,OPB-FV,0.0001,14.0,0.87418,0.008874514071204128,5
cora,OPB-FV,0.0001,16.0,0.87416,0.008404939024169089,5
cora,OPB-FV,0.001,1.0,0.8664200000000001,0.005923428061519788,5
cora,OPB-FV,0.001,2.0,0.8778600000000001,0.004031500961180578,5
cora,OPB-FV,0.001,4.0,0.8690200000000001,0.004697020332082856,5
cora,OPB-FV,0.001,6.0,0.8686399999999999,0.011120836299487558,5
cora,OPB-FV,0.001,8.0,0.8745200000000001,0.003447752891377214,5
cora,OPB-FV,0.001,10.0,0.86826,0.011027375027630102,5
cora,OPB-FV,0.001,12.0,0.87676,0.009632133720002028,5
cora,OPB-FV,0.001,14.0,0.8693799999999999,0.01545677844830548,5
cora,OPB-FV,0.001,16.0,0.87342,0.011283926621526762,5
cora,OPB-FV,0.01,1.0,0.86494,0.0027373344698812174,5
cora,OPB-FV,0.01,2.0,0.86274,0.003382750360283768,5
cora,OPB-FV,0.01,4.0,0.86234,0.017939286496402265,5
cora,OPB-FV,0.01,6.0,0.8737999999999999,0.011064131235664201,5
cora,OPB-FV,0.01,8.0,0.8778600000000001,0.0024275502054540337,5
cora,OPB-FV,0.01,10.0,0.8686400000000001,0.007289924553793394,5
cora,OPB-FV,0.01,12.0,0.8701000000000001,0.004050925820105816,5
cora,OPB-FV,0.01,14.0,0.869,0.006090566476117003,5
cora,OPB-FV,0.01,16.0,0.86678,0.008591100045977814,5
cora,OPB-FV,0.1,1.0,0.86714,0.006236826115902239,5
cora,OPB-FV,0.1,2.0,0.87158,0.004826178612525642,5
cora,OPB-FV,0.1,4.0,0.86236,0.0038194240403495363,5
cora,OPB-FV,0.1,6.0,0.86974,0.004413955142499761,5
cora,OPB-FV,0.1,8.0,0.8715999999999999,0.006981403870282846,5
cora,OPB-FV,0.1,10.0,0.8749,0.00603779761171241,5
cora,OPB-FV,0.1,12.0,0.87416,0.006825906533201299,5
cora,OPB-FV,0.1,14.0,0.87454,0.00612070257405145,5
cora,OPB-FV,0.1,16.0,0.8752600000000001,0.003819424040349531,5
cora,OPB-FV,1.0,1.0,0.5985199999999999,0.19927236888239172,5
cora,OPB-FV,1.0,2.0,0.49482,0.11910139377857844,5
cora,OPB-FV,1.0,4.0,0.63836,0.023762743949300155,5
cora,OPB-FV,1.0,6.0,0.86974,0.008098950549299596,5
cora,OPB-FV,1.0,8.0,0.87418,0.005106564402805471,5
cora,OPB-FV,1.0,10.0,0.8726800000000001,0.0029252350332921906,5
cora,OPB-FV,1.0,12.0,0.8712199999999999,0.006564830538559238,5
cora,OPB-FV,1.0,14.0,0.8634600000000001,0.01874481261576117,5
cora,OPB-FV,1.0,16.0,0.8642199999999999,0.01642778134746138,5
cora,OPB-FV,10.0,1.0,0.33874,0.07692001040041532,5
cora,OPB-FV,10.0,2.0,0.3155,0.1173175604928776,5
cora,OPB-FV,10.0,4.0,0.44464,0.07225789230250217,5
cora,OPB-FV,10.0,6.0,0.52508,0.06058561710505226,5
cora,OPB-FV,10.0,8.0,0.88192,0.001308434178703703,5
cora,OPB-FV,10.0,10.0,0.8804399999999999,0.0015420765220961147,5
cora,OPB-FV,10.0,12.0,0.7638199999999999,0.2568249053343542,5
cora,OPB-FV,10.0,14.0,0.76458,0.2572828346392351,5
cora,OPB-FV,10.0,16.0,0.67342,0.28751765511008187,5
cora,OPB-RV,0.0001,1.0,0.8520199999999999,0.009880131578071194,5
cora,OPB-RV,0.0001,2.0,0.8365400000000001,0.03839404901804444,5
cora,OPB-RV,0.0001,4.0,0.84724,0.04539083607954364,5
cora,OPB-RV,0.0001,6.0,0.8387399999999999,0.042860622953942246,5
cora,OPB-RV,0.0001,8.0,0.8450200000000001,0.03247386641593516,5
cora,OPB-RV,0.0001,10.0,0.85462,0.01779261082584564,5
cora,OPB-RV,0.0001,12.0,0.8516600000000001,0.02400027083180523,5
cora,OPB-RV,0.0001,14.0,0.8450200000000001,0.02262624582205364,5
cora,OPB-RV,0.0001,16.0,0.75534,0.1735984245320216,5
cora,OPB-RV,0.001,1.0,0.80518,0.06640818473652177,5
cora,OPB-RV,0.001,2.0,0.7823,0.05836141704928009,5
cora,OPB-RV,0.001,4.0,0.83542,0.055964694227700354,5
cora,OPB-RV,0.001,6.0,0.8479599999999999,0.04562705337845084,5
cora,OPB-RV,0.001,8.0,0.8501799999999999,0.02785232485807963,5
cora,OPB-RV,0.001,10.0,0.84206,0.012019068183515724,5
cora,OPB-RV,0.001,12.0,0.85352,0.024314542973290713,5
cora,OPB-RV,0.001,14.0,0.83984,0.018308413366537248,5
cora,OPB-RV,0.001,16.0,0.76274,0.17342143177819747,5
cora,OPB-RV,0.01,1.0,0.8261800000000001,0.07383635283517193,5
cora,OPB-RV,0.01,2.0,0.8173600000000001,0.04923111820789772,5
cora,OPB-RV,0.01,4.0,0.82508,0.041240113966864826,5
cora,OPB-RV,0.01,6.0,0.83026,0.04958173050630648,5
cora,OPB-RV,0.01,8.0,0.8453800000000001,0.03276357733825779,5
cora,OPB-RV,0.01,10.0,0.85092,0.018873579416740213,5
cora,OPB-RV,0.01,12.0,0.8553599999999999,0.021727586152170724,5
cora,OPB-RV,0.01,14.0,0.8609,0.0054863466897380605,5
cora,OPB-RV,0.01,16.0,0.8572,0.009803060746521968,5
cora,OPB-RV,0.1,1.0,0.82548,0.05569346460761804,5
cora,OPB-RV,0.1,2.0,0.7764,0.06590041729761657,5
cora,OPB-RV,0.1,4.0,0.81182,0.03822913810171504,5
cora,OPB-RV,0.1,6.0,0.83248,0.050684386155896176,5
cora,OPB-RV,0.1,8.0,0.8472199999999999,0.04932998074193825,5
cora,OPB-RV,0.1,10.0,0.8513,0.03094890951229134,5
cora,OPB-RV,0.1,12.0,0.8612400000000001,0.019169194036265567,5
cora,OPB-RV,0.1,14.0,0.8671599999999999,0.01000664779034419,5
cora,OPB-RV,0.1,16.0,0.8730800000000001,0.007294998286497416,5
cora,OPB-RV,1.0,1.0,0.86714,0.01923182258653611,5
cora,OPB-RV,1.0,2.0,0.81846,0.06883812896934373,5
cora,OPB-RV,1.0,4.0,0.8601599999999999,0.0268177739568369,5
cora,OPB-RV,1.0,6.0,0.8572200000000001,0.032388068790837145,5
cora,OPB-RV,1.0,8.0,0.8431799999999999,0.038416168471100784,5
cora,OPB-RV,1.0,10.0,0.86236,0.02057991739536386,5
cora,OPB-RV,1.0,12.0,0.8553599999999999,0.020569589203481932,5
cora,OPB-RV,1.0,14.0,0.8583000000000001,0.01894505212449943,5
cora,OPB-RV,1.0,16.0,0.85756,0.02159011347816404,5
cora,OPB-RV,10.0,1.0,0.7383599999999999,0.24468823633350256,5
cora,OPB-RV,10.0,2.0,0.70958,0.24544744243931327,5
cora,OPB-RV,10.0,4.0,0.85312,0.021807040147622046,5
cora,OPB-RV,10.0,6.0,0.85978,0.020509680641102132,5
cora,OPB-RV,10.0,8.0,0.85756,0.02016911004481857,5
cora,OPB-RV,10.0,10.0,0.85754,0.018958190841955356,5
cora,OPB-RV,10.0,12.0,0.85868,0.021936658815781423,5
cora,OPB-RV,10.0,14.0,0.86274,0.017436255331922654,5
cora,OPB-RV,10.0,16.0,0.84724,0.03517929788952588,5
imagenet100,Base,,,0.83124,0.0014397916515940625,5
imagenet100,CEB,0.0001,,0.8256399999999999,0.002010721263626562,5
imagenet100,CEB,0.001,,0.82324,0.004714127702979615,5
imagenet100,CEB,0.01,,0.8277599999999999,0.002240089283934924,5
imagenet100,CEB,0.1,,0.71514,0.027012367537851984,5
imagenet100,CEB,1.0,,0.0103,0.0,5
imagenet100,CEB,10.0,,0.0103,0.0,5
imagenet100,CEB-energy,0.0001,,0.81326,0.001392120684423557,5
imagenet100,CEB-energy,0.001,,0.8158999999999998,0.002118962010041688,5
imagenet100,CEB-energy,0.01,,0.6840200000000001,0.04680482881071142,5
imagenet100,CEB-energy,0.1,,0.0103,0.0,5
imagenet100,CEB-energy,1.0,,0.0103,0.0,5
imagenet100,CEB-energy,10.0,,0.0103,0.0,5
imagenet100,GPB,0.0001,1.0,0.8256399999999999,0.003126179777300075,5
imagenet100,GPB,0.0001,6.0,0.8102,0.005474029594366476,5
imagenet100,GPB,0.0001,12.0,0.7983800000000001,0.002566515147042757,5
imagenet100,GPB,0.001,1.0,0.82822,0.005615781334774327,5
imagenet100,GPB,0.001,6.0,0.80998,0.004577881606158016,5
imagenet100,GPB,0.001,12.0,0.80238,0.005047474616082794,5
imagenet100,GPB,0.01,1.0,0.8305400000000001,0.0070016426644038225,5
imagenet100,GPB,0.01,6.0,0.81762,0.006946725847476608,5
imagenet100,GPB,0.01,12.0,0.8062400000000001,0.0047568897401558665,5
imagenet100,GPB,0.1,1.0,0.8328200000000001,0.007792753043693872,5
imagenet100,GPB,0.1,6.0,0.8185800000000001,0.013858823903924919,5
imagenet100,GPB,0.1,12.0,0.8164999999999999,0.011969335821172353,5
imagenet100,GPB,1.0,1.0,0.01008,0.0004919349550499539,5
imagenet100,GPB,1.0,6.0,0.83362,0.004907341439109353,5
imagenet100,GPB,1.0,12.0,0.84216,0.0014943225890014311,5
imagenet100,GPB,10.0,1.0,0.0103,0.0,5
imagenet100,GPB,10.0,6.0,0.6851999999999999,0.016708530755275897,5
imagenet100,GPB,10.0,12.0,0.80426,0.016410911004572516,5
imagenet100,GPB-L,0.0001,1.0,0.8257199999999999,0.0037432606107510157,5
imagenet100,GPB-L,0.0001,6.0,0.82674,0.0023190515302597492,5
imagenet100,GPB-L,0.0001,12.0,0.8256,0.003737646318206131,5
imagenet100,GPB-L,0.001,1.0,0.8228,0.0077919830595298235,5
imagenet100,GPB-L,0.001,6.0,0.82208,0.006204997985495248,5
imagenet100,GPB-L,0.001,12.0,0.82258,0.006587639941587553,5
imagenet100,GPB-L,0.01,1.0,0.8259000000000001,0.002331308645374937,5
imagenet100,GPB-L,0.01,6.0,0.82812,0.0017239489551608052,5
imagenet100,GPB-L,0.01,12.0,0.82412,0.007310745516019554,5
imagenet100,GPB-L,0.1,1.0,0.70228,0.017550697991817892,5
imagenet100,GPB-L,0.1,6.0,0.80698,0.008392377493892909,5
imagenet100,GPB-L,0.1,12.0,0.82866,0.002290851370124229,5
imagenet100,GPB-L,1.0,1.0,0.0103,0.0,5
imagenet100,GPB-L,1.0,6.0,0.62662,0.02711110473588268,5
imagenet100,GPB-L,1.0,12.0,0.834,0.006696267617113304,5
imagenet100,GPB-L,10.0,1.0,0.0103,0.0,5
imagenet100,GPB-L,10.0,6.0,0.6356400000000001,0.017424781203791356,5
imagenet100,GPB-L,10.0,12.0,0.8280799999999999,0.0016084153692376747,5
imagenet100,NCM-learn,,,0.82166,0.003570434147271183,5
imagenet100,NCM-ortho,,1.0,0.8232800000000001,0.005957935884179997,5
imagenet100,NCM-ortho,,6.0,0.8027200000000001,0.004677285537574102,5
imagenet100,NCM-ortho,,12.0,0.7934599999999999,0.0037587231874667256,5
imagenet100,OPB-FF,0.0001,1.0,0.8227599999999999,0.007066328608266081,5
imagenet100,OPB-FF,0.0001,6.0,0.81118,0.004570229753524452,5
imagenet100,OPB-FF,0.0001,12.0,0.80382,0.0036649693041006797,5
imagenet100,OPB-FF,0.001,1.0,0.8286999999999999,0.005720139858430024,5
imagenet100,OPB-FF,0.001,6.0,0.80976,0.003911904906819723,5
imagenet100,OPB-FF,0.001,12.0,0.8026199999999999,0.0020523157651784565,5
imagenet100,OPB-FF,0.01,1.0,0.83382,0.005613109655084258,5
imagenet100,OPB-FF,0.01,6.0,0.81792,0.0060775817559289005,5
imagenet100,OPB-FF,0.01,12.0,0.8087199999999999,0.0035308639169472685,5
imagenet100,OPB-FF,0.1,1.0,0.8356,0.0060066629670724745,5
imagenet100,OPB-FF,0.1,6.0,0.8232799999999999,0.010673190713184122,5
imagenet100,OPB-FF,0.1,12.0,0.8207599999999999,0.000541294744108965,5
imagenet100,OPB-FF,1.0,1.0,0.01008,0.0004919349550499539,5
imagenet100,OPB-FF,1.0,6.0,0.83356,0.006549274769010708,5
imagenet100,OPB-FF,1.0,12.0,0.8428599999999999,0.002399583297158067,5
imagenet100,OPB-FF,10.0,1.0,0.0103,0.0,5
imagenet100,OPB-FF,10.0,6.0,0.7242,0.014213901645923958,5
imagenet100,OPB-FF,10.0,12.0,0.83422,0.0041221353689562664,5
imagenet100,OPB-FS,0.0001,1.0,0.82575,0.0038370995990895432,4
imagenet100,OPB-FS,0.0001,6.0,0.8081400000000001,0.006773699137103736,5
imagenet100,OPB-FS,0.0001,12.0,0.79938,0.007902341425172666,5
imagenet100,OPB-FS,0.001,1.0,0.8245799999999999,0.006754405969439517,5
imagenet100,OPB-FS,0.001,6.0,0.80752,0.003431763395107516,5
imagenet100,OPB-FS,0.001,12.0,0.8055,0.0030959651160825464,5
imagenet100,OPB-FS,0.01,1.0,0.8297000000000001,0.006562392856268229,5
imagenet100,OPB-FS,0.01,6.0,0.8188599999999999,0.005105683108066959,5
imagenet100,OPB-FS,0.01,12.0,0.80548,0.003086583872179733,5
imagenet100,OPB-FS,0.1,1.0,0.8338800000000001,0.0036148305631108287,5
imagenet100,OPB-FS,0.1,6.0,0.8179000000000001,0.014252543632629225,5
imagenet100,OPB-FS,0.1,12.0,0.81968,0.0016392071254115557,5
imagenet100,OPB-FS,1.0,1.0,0.01008,0.0004919349550499539,5
imagenet100,OPB-FS,1.0,6.0,0.8271599999999999,0.009118278346266936,5
imagenet100,OPB-FS,1.0,12.0,0.8426,0.0018207141456033239,5
imagenet100,OPB-FS,10.0,1.0,0.0103,0.0,5
imagenet100,OPB-FS,10.0,6.0,0.68916,0.020118971146656554,5
imagenet100,OPB-FS,10.0,12.0,0.8055199999999999,0.009054391199854331,5
imagenet100,OPB-RV,0.0001,1.0,0.8129200000000001,0.003304844928283331,5
imagenet100,OPB-RV,0.0001,6.0,0.8147,0.0011291589790636226,5
imagenet100,OPB-RV,0.0001,12.0,0.8056000000000001,0.001847971861257641,5
imagenet100,OPB-RV,0.001,1.0,0.81842,0.001935716921453102,5
imagenet100,OPB-RV,0.001,6.0,0.8098600000000001,0.004513645976369889,5
imagenet100,OPB-RV,0.001,12.0,0.8021,0.005919037083850708,5
imagenet100,OPB-RV,0.01,1.0,0.8228199999999999,0.002765320957863664,5
imagenet100,OPB-RV,0.01,6.0,0.8155000000000001,0.002173706511928429,5
imagenet100,OPB-RV,0.01,12.0,0.79954,0.0021137644144984436,5
imagenet100,OPB-RV,0.1,1.0,0.8157399999999999,0.015622835850126582,5
imagenet100,OPB-RV,0.1,6.0,0.8173600000000001,0.01011943674321846,5
imagenet100,OPB-RV,0.1,12.0,0.81386,0.0033523126345852603,5
imagenet100,OPB-RV,1.0,1.0,0.01666,0.009814428154508035,5
imagenet100,OPB-RV,1.0,6.0,0.83048,0.002264287967551819,5
imagenet100,OPB-RV,1.0,12.0,0.8320399999999999,0.015643305277338277,5
imagenet100,OPB-RV,10.0,1.0,0.0098,0.0009591663046625441,5
imagenet100,OPB-RV,10.0,6.0,0.7728200000000001,0.015544999195882894,5
imagenet100,OPB-RV,10.0,12.0,0.83382,0.005154318577658949,5
mnist,Base,,,0.98328,0.001239758040909624,5
mnist,CEB,0.0001,,0.98282,0.000852642949891666,5
mnist,CEB,0.001,,0.9830399999999999,0.001596245595138807,5
mnist,CEB,0.01,,0.98428,0.0008318653737234167,5
mnist,CEB,0.1,,0.9816,0.000827647267862372,5
mnist,CEB,1.0,,0.26818,0.14749910847188197,5
mnist,CEB,10.0,,0.10636000000000001,0.006559192023412638,5
mnist,CEB-energy,0.0001,,0.98178,0.0007155417527999314,5
mnist,CEB-energy,0.001,,0.9821799999999999,0.0010329569206893466,5
mnist,CEB-energy,0.01,,0.9799599999999999,0.0011326958991715078,5
mnist,CEB-energy,0.1,,0.9799599999999999,0.000736885337077612,5
mnist,CEB-energy,1.0,,0.0995,0.008948184173339304,5
mnist,CEB-energy,10.0,,0.10484,0.007993935201138424,5
mnist,GPB,0.0001,1.0,0.9810000000000001,0.0017944358444926362,5
mnist,GPB,0.0001,6.0,0.98112,0.0016437761404765698,5
mnist,GPB,0.0001,12.0,0.98034,0.0006348228099241779,5
mnist,GPB,0.001,1.0,0.9817199999999999,0.00152216950435883,5
mnist,GPB,0.001,6.0,0.9815799999999999,0.0015927962832704037,5
mnist,GPB,0.001,12.0,0.97984,0.001822909761891705,5
mnist,GPB,0.01,1.0,0.9820599999999999,0.0011523888232710402,5
mnist,GPB,0.01,6.0,0.98306,0.000998999499499383,5
mnist,GPB,0.01,12.0,0.98192,0.002016680440724299,5
mnist,GPB,0.1,1.0,0.98064,0.0007797435475847181,5
mnist,GPB,0.1,6.0,0.98392,0.00066483080554378,5
mnist,GPB,0.1,12.0,0.98444,0.0008324662155306954,5
mnist,GPB,1.0,1.0,0.97638,0.0016649324310613924,5
mnist,GPB,1.0,6.0,0.9839800000000001,0.0006496152707564449,5
mnist,GPB,1.0,12.0,0.98424,0.0006804410334481348,5
mnist,GPB,10.0,1.0,0.9774799999999999,0.001584929020492756,5
mnist,GPB,10.0,6.0,0.98238,0.00119666202413212,5
mnist,GPB,10.0,12.0,0.9836,0.0008031189202104208,5
mnist,GPB-L,0.0001,1.0,0.98146,0.0020403431084011206,5
mnist,GPB-L,0.0001,6.0,0.98316,0.0016257306049896297,5
mnist,GPB-L,0.0001,12.0,0.9829000000000001,0.001274754878398217,5
mnist,GPB-L,0.001,1.0,0.9824400000000001,0.0021938550544645993,5
mnist,GPB-L,0.001,6.0,0.9827999999999999,0.001181101181101752,5
mnist,GPB-L,0.001,12.0,0.98268,0.001404279174523342,5
mnist,GPB-L,0.01,1.0,0.98238,0.0017655027612552639,5
mnist,GPB-L,0.01,6.0,0.98238,0.0012049896265113557,5
mnist,GPB-L,0.01,12.0,0.9829800000000001,0.0006833739825307893,5
mnist,GPB-L,0.1,1.0,0.9804,0.0019710403344427277,5
mnist,GPB-L,0.1,6.0,0.9821200000000001,0.0013971399357258487,5
mnist,GPB-L,0.1,12.0,0.98428,0.0006870225614927296,5
mnist,GPB-L,1.0,1.0,0.9603999999999999,0.03842544729733145,5
mnist,GPB-L,1.0,6.0,0.98206,0.0011738824472663307,5
mnist,GPB-L,1.0,12.0,0.9835,0.0007516648189186587,5
mnist,GPB-L,10.0,1.0,0.97058,0.008084676864290872,5
mnist,GPB-L,10.0,6.0,0.982,0.0010931605554537866,5
mnist,GPB-L,10.0,12.0,0.9831,0.0006670832032062849,5
mnist,NCM-learn,,,0.9817199999999999,0.0017195929750961302,5
mnist,NCM-ortho,,1.0,0.9810800000000001,0.001181947545367404,5
mnist,NCM-ortho,,6.0,0.9803200000000001,0.001355359730846365,5
mnist,NCM-ortho,,12.0,0.9808,0.0016807736313971461,5
mnist,OPB-FF,0.0001,1.0,0.9809599999999999,0.0023006520814760384,5
mnist,OPB-FF,0.0001,6.0,0.98102,0.0012214745187682176,5
mnist,OPB-FF,0.0001,12.0,0.98116,0.0008961026726887907,5
mnist,OPB-FF,0.001,1.0,0.98194,0.0017686152775547362,5
mnist,OPB-FF,0.001,6.0,0.9822200000000001,0.0015073154945133408,5
mnist,OPB-FF,0.001,12.0,0.97896,0.0024016660883644904,5
mnist,OPB-FF,0.01,1.0,0.98292,0.00046043457732884984,5
mnist,OPB-FF,0.01,6.0,0.9822,0.0007416198487095408,5
mnist,OPB-FF,0.01,12.0,0.9802799999999999,0.002337092210418771,5
mnist,OPB-FF,0.1,1.0,0.9800599999999999,0.001965451602049752,5
mnist,OPB-FF,0.1,6.0,0.98286,0.0007536577472566541,5
mnist,OPB-FF,0.1,12.0,0.9852000000000001,0.0008031189202104554,5
mnist,OPB-FF,1.0,1.0,0.9777799999999999,0.000752994023880655,5
mnist,OPB-FF,1.0,6.0,0.9839600000000001,0.0005856620185738443,5
mnist,OPB-FF,1.0,12.0,0.9842599999999999,0.00015165750888105822,5
mnist,OPB-FF,10.0,1.0,0.97728,0.0026451843035977946,5
mnist,OPB-FF,10.0,6.0,0.98292,0.0007155417527998997,5
mnist,OPB-FF,10.0,12.0,0.9839800000000001,0.0007328028384224417,5
mnist,OPB-FS,0.0001,1.0,0.98084,0.001580506248010461,5
mnist,OPB-FS,0.0001,6.0,0.98124,0.0006268971207463284,5
mnist,OPB-FS,0.0001,12.0,0.97966,0.0012481987021304179,5
mnist,OPB-FS,0.001,1.0,0.98202,0.0016407315441594864,5
mnist,OPB-FS,0.001,6.0,0.9810000000000001,0.00159216833280907,5
mnist,OPB-FS,0.001,12.0,0.9803000000000001,0.0010700467279516363,5
mnist,OPB-FS,0.01,1.0,0.9818999999999999,0.0009219544457292926,5
mnist,OPB-FS,0.01,6.0,0.9836,0.0015016657417681234,5
mnist,OPB-FS,0.01,12.0,0.98268,0.0008814760348415793,5
mnist,OPB-FS,0.1,1.0,0.98138,0.0014024977718342265,5
mnist,OPB-FS,0.1,6.0,0.98278,0.001388164255410731,5
mnist,OPB-FS,0.1,12.0,0.9853799999999999,0.00033466401061363983,5
mnist,OPB-FS,1.0,1.0,0.97732,0.0025518620652378587,5
mnist,OPB-FS,1.0,6.0,0.98408,0.00042071367935924716,5
mnist,OPB-FS,1.0,12.0,0.98478,0.0009066421565314613,5
mnist,OPB-FS,10.0,1.0,0.97532,0.0016709278859364481,5
mnist,OPB-FS,10.0,6.0,0.9817600000000001,0.00041593268686170666,5
mnist,OPB-FS,10.0,12.0,0.98392,0.00047644516998285915,5
mnist,OPB-RV,0.0001,1.0,0.9810399999999999,0.0010064790112069,5
mnist,OPB-RV,0.0001,6.0,0.9802799999999999,0.001879361593733369,5
mnist,OPB-RV,0.0001,12.0,0.97872,0.0007362064927722411,5
mnist,OPB-RV,0.001,1.0,0.98004,0.0021870070873227657,5
mnist,OPB-RV,0.001,6.0,0.9798600000000001,0.0014993331851192954,5
mnist,OPB-RV,0.001,12.0,0.97794,0.0017742604092973182,5
mnist,OPB-RV,0.01,1.0,0.97966,0.0008173126696681043,5
mnist,OPB-RV,0.01,6.0,0.9803799999999999,0.0015056560032092312,5
mnist,OPB-RV,0.01,12.0,0.9776,0.0021540659228537757,5
mnist,OPB-RV,0.1,1.0,0.97972,0.0019588261791185016,5
mnist,OPB-RV,0.1,6.0,0.9829800000000001,0.0011903780911962478,5
mnist,OPB-RV,0.1,12.0,0.9823999999999999,0.0009110433579144544,5
mnist,OPB-RV,1.0,1.0,0.9766600000000001,0.001500999666888722,5
mnist,OPB-RV,1.0,6.0,0.9834400000000001,0.00043931765272978314,5
mnist,OPB-RV,1.0,12.0,0.98242,0.0010158740079360363,5
mnist,OPB-RV,10.0,1.0,0.97568,0.0015594870951694173,5
mnist,OPB-RV,10.0,6.0,0.98256,0.0012421755109484171,5
mnist,OPB-RV,10.0,12.0,0.98146,0.0019359752064528105,5
