mode,frame_type,posterior_var_mode,noise_rate,beta,metric,mean,std,n,n_opt_fail
population,fixed,fixed,0,0.001,L_hat_minus_L_comp,0.000136,0.000442,5,0
population,fixed,fixed,0,0.001,beta_excess_d,0.000000,0.000000,5,0
population,fixed,fixed,0,0.001,clean_class_acc,1.000000,0.000000,5,0
population,fixed,fixed,0,0.001,d_hat,0.000038,0.000034,5,0
population,fixed,fixed,0,0.001,excess_d,0.000038,0.000034,5,0
population,fixed,fixed,0,0.001,kl_total,0.000038,0.000034,5,0
population,fixed,fixed,0,0.001,noisy_label_acc,1.000000,0.000000,5,0
population,fixed,fixed,0,0.001,trained_objective_mc,0.000420,0.000442,5,0
population,fixed,fixed,0,0.001,trained_risk,0.000000,0.000000,5,0
population,fixed,fixed,0,0.001,trained_risk_mc,0.000420,0.000442,5,0
population,fixed,fixed,0,0.003,L_hat_minus_L_comp,0.000032,0.000143,5,0
population,fixed,fixed,0,0.003,beta_excess_d,0.000000,0.000000,5,0
population,fixed,fixed,0,0.003,clean_class_acc,1.000000,0.000000,5,0
population,fixed,fixed,0,0.003,d_hat,0.000037,0.000033,5,0
population,fixed,fixed,0,0.003,excess_d,0.000037,0.000033,5,0
population,fixed,fixed,0,0.003,kl_total,0.000037,0.000033,5,0
population,fixed,fixed,0,0.003,noisy_label_acc,1.000000,0.000000,5,0
population,fixed,fixed,0,0.003,trained_objective_mc,0.000316,0.000143,5,0
population,fixed,fixed,0,0.003,trained_risk,0.000000,0.000000,5,0
population,fixed,fixed,0,0.003,trained_risk_mc,0.000316,0.000143,5,0
population,fixed,fixed,0,0.01,L_hat_minus_L_comp,-0.000111,0.000110,5,0
population,fixed,fixed,0,0.01,beta_excess_d,0.000000,0.000000,5,0
population,fixed,fixed,0,0.01,clean_class_acc,1.000000,0.000000,5,0
population,fixed,fixed,0,0.01,d_hat,0.000011,0.000006,5,0
population,fixed,fixed,0,0.01,excess_d,0.000011,0.000006,5,0
population,fixed,fixed,0,0.01,kl_total,0.000011,0.000006,5,0
population,fixed,fixed,0,0.01,noisy_label_acc,1.000000,0.000000,5,0
population,fixed,fixed,0,0.01,trained_objective_mc,0.000173,0.000110,5,0
population,fixed,fixed,0,0.01,trained_risk,0.000000,0.000000,5,0
population,fixed,fixed,0,0.01,trained_risk_mc,0.000173,0.000110,5,0
population,fixed,fixed,0,0.03,L_hat_minus_L_comp,-0.000107,0.000153,5,0
population,fixed,fixed,0,0.03,beta_excess_d,0.000000,0.000000,5,0
population,fixed,fixed,0,0.03,clean_class_acc,1.000000,0.000000,5,0
population,fixed,fixed,0,0.03,d_hat,0.000008,0.000002,5,0
population,fixed,fixed,0,0.03,excess_d,0.000008,0.000002,5,0
population,fixed,fixed,0,0.03,kl_total,0.000008,0.000002,5,0
population,fixed,fixed,0,0.03,noisy_label_acc,1.000000,0.000000,5,0
population,fixed,fixed,0,0.03,trained_objective_mc,0.000177,0.000153,5,0
population,fixed,fixed,0,0.03,trained_risk,0.000000,0.000000,5,0
population,fixed,fixed,0,0.03,trained_risk_mc,0.000177,0.000153,5,0
population,fixed,fixed,0,0.1,L_hat_minus_L_comp,-0.000068,0.000068,5,0
population,fixed,fixed,0,0.1,beta_excess_d,0.000001,0.000001,5,0
population,fixed,fixed,0,0.1,clean_class_acc,1.000000,0.000000,5,0
population,fixed,fixed,0,0.1,d_hat,0.000006,0.000004,5,0
population,fixed,fixed,0,0.1,excess_d,0.000006,0.000004,5,0
population,fixed,fixed,0,0.1,kl_total,0.000006,0.000004,5,0
population,fixed,fixed,0,0.1,noisy_label_acc,1.000000,0.000000,5,0
population,fixed,fixed,0,0.1,trained_objective_mc,0.000216,0.000068,5,0
population,fixed,fixed,0,0.1,trained_risk,0.000000,0.000000,5,0
population,fixed,fixed,0,0.1,trained_risk_mc,0.000215,0.000068,5,0
population,fixed,fixed,0,0.3,L_hat_minus_L_comp,0.000025,0.000114,5,0
population,fixed,fixed,0,0.3,beta_excess_d,0.000001,0.000000,5,0
population,fixed,fixed,0,0.3,clean_class_acc,1.000000,0.000000,5,0
population,fixed,fixed,0,0.3,d_hat,0.000003,0.000002,5,0
population,fixed,fixed,0,0.3,excess_d,0.000003,0.000002,5,0
population,fixed,fixed,0,0.3,kl_total,0.000003,0.000002,5,0
population,fixed,fixed,0,0.3,noisy_label_acc,1.000000,0.000000,5,0
population,fixed,fixed,0,0.3,trained_objective_mc,0.000309,0.000114,5,0
population,fixed,fixed,0,0.3,trained_risk,0.000000,0.000000,5,0
population,fixed,fixed,0,0.3,trained_risk_mc,0.000308,0.000114,5,0
population,fixed,fixed,0,1,L_hat_minus_L_comp,-0.000020,0.000202,5,0
population,fixed,fixed,0,1,beta_excess_d,0.000006,0.000001,5,0
population,fixed,fixed,0,1,clean_class_acc,1.000000,0.000000,5,0
population,fixed,fixed,0,1,d_hat,0.000006,0.000001,5,0
population,fixed,fixed,0,1,excess_d,0.000006,0.000001,5,0
population,fixed,fixed,0,1,kl_total,0.000006,0.000001,5,0
population,fixed,fixed,0,1,noisy_label_acc,1.000000,0.000000,5,0
population,fixed,fixed,0,1,trained_objective_mc,0.000264,0.000202,5,0
population,fixed,fixed,0,1,trained_risk,0.000000,0.000000,5,0
population,fixed,fixed,0,1,trained_risk_mc,0.000259,0.000203,5,0
population,fixed,fixed,0,3,L_hat_minus_L_comp,-0.000084,0.000134,5,0
population,fixed,fixed,0,3,beta_excess_d,0.000014,0.000010,5,0
population,fixed,fixed,0,3,clean_class_acc,1.000000,0.000000,5,0
population,fixed,fixed,0,3,d_hat,0.000005,0.000003,5,0
population,fixed,fixed,0,3,excess_d,0.000005,0.000003,5,0
population,fixed,fixed,0,3,kl_total,0.000005,0.000003,5,0
population,fixed,fixed,0,3,noisy_label_acc,1.000000,0.000000,5,0
population,fixed,fixed,0,3,trained_objective_mc,0.000200,0.000134,5,0
population,fixed,fixed,0,3,trained_risk,0.000000,0.000000,5,0
population,fixed,fixed,0,3,trained_risk_mc,0.000185,0.000129,5,0
population,fixed,fixed,0,10,L_hat_minus_L_comp,0.000109,0.000091,5,0
population,fixed,fixed,0,10,beta_excess_d,0.000055,0.000036,5,0
population,fixed,fixed,0,10,clean_class_acc,1.000000,0.000000,5,0
population,fixed,fixed,0,10,d_hat,0.000005,0.000004,5,0
population,fixed,fixed,0,10,excess_d,0.000005,0.000004,5,0
population,fixed,fixed,0,10,kl_total,0.000005,0.000004,5,0
population,fixed,fixed,0,10,noisy_label_acc,1.000000,0.000000,5,0
population,fixed,fixed,0,10,trained_objective_mc,0.000393,0.000091,5,0
population,fixed,fixed,0,10,trained_risk,0.000000,0.000000,5,0
population,fixed,fixed,0,10,trained_risk_mc,0.000339,0.000112,5,0
population,fixed,fixed,0.1,0.001,L_hat_minus_L_comp,-0.086808,0.005850,5,0
population,fixed,fixed,0.1,0.001,beta_excess_d,0.000014,0.000000,5,0
population,fixed,fixed,0.1,0.001,clean_class_acc,1.000000,0.000000,5,0
population,fixed,fixed,0.1,0.001,d_hat,3.414036,0.000266,5,0
population,fixed,fixed,0.1,0.001,excess_d,0.014036,0.000266,5,0
population,fixed,fixed,0.1,0.001,kl_total,3.414036,0.000266,5,0
population,fixed,fixed,0.1,0.001,noisy_label_acc,0.900000,0.000000,5,0
population,fixed,fixed,0.1,0.001,trained_objective_mc,3.103809,0.005850,5,0
population,fixed,fixed,0.1,0.001,trained_risk,3.096245,0.001114,5,0
population,fixed,fixed,0.1,0.001,trained_risk_mc,3.100395,0.005850,5,0
population,fixed,fixed,0.1,0.003,L_hat_minus_L_comp,-0.076606,0.004411,5,0
population,fixed,fixed,0.1,0.003,beta_excess_d,0.000036,0.000001,5,0
population,fixed,fixed,0.1,0.003,clean_class_acc,1.000000,0.000000,5,0
population,fixed,fixed,0.1,0.003,d_hat,3.411881,0.000221,5,0
population,fixed,fixed,0.1,0.003,excess_d,0.011881,0.000221,5,0
population,fixed,fixed,0.1,0.003,kl_total,3.411881,0.000221,5,0
population,fixed,fixed,0.1,0.003,noisy_label_acc,0.900000,0.000000,5,0
population,fixed,fixed,0.1,0.003,trained_objective_mc,3.120812,0.004412,5,0
population,fixed,fixed,0.1,0.003,trained_risk,3.104482,0.001089,5,0
population,fixed,fixed,0.1,0.003,trained_risk_mc,3.110576,0.004411,5,0
population,fixed,fixed,0.1,0.01,L_hat_minus_L_comp,-0.072508,0.002668,5,0
population,fixed,fixed,0.1,0.01,beta_excess_d,0.000099,0.000002,5,0
population,fixed,fixed,0.1,0.01,clean_class_acc,1.000000,0.000000,5,0
population,fixed,fixed,0.1,0.01,d_hat,3.409910,0.000201,5,0
population,fixed,fixed,0.1,0.01,excess_d,0.009910,0.000201,5,0
population,fixed,fixed,0.1,0.01,kl_total,3.409910,0.000201,5,0
population,fixed,fixed,0.1,0.01,noisy_label_acc,0.900000,0.000000,5,0
population,fixed,fixed,0.1,0.01,trained_objective_mc,3.148709,0.002668,5,0
population,fixed,fixed,0.1,0.01,trained_risk,3.112587,0.000845,5,0
population,fixed,fixed,0.1,0.01,trained_risk_mc,3.114611,0.002669,5,0
population,fixed,fixed,0.1,0.03,L_hat_minus_L_comp,-0.060600,0.004310,5,0
population,fixed,fixed,0.1,0.03,beta_excess_d,0.000243,0.000005,5,0
population,fixed,fixed,0.1,0.03,clean_class_acc,1.000000,0.000000,5,0
population,fixed,fixed,0.1,0.03,d_hat,3.408115,0.000168,5,0
population,fixed,fixed,0.1,0.03,excess_d,0.008115,0.000168,5,0
population,fixed,fixed,0.1,0.03,kl_total,3.408115,0.000168,5,0
population,fixed,fixed,0.1,0.03,noisy_label_acc,0.900000,0.000000,5,0
population,fixed,fixed,0.1,0.03,trained_objective_mc,3.228618,0.004310,5,0
population,fixed,fixed,0.1,0.03,trained_risk,3.120704,0.001015,5,0
population,fixed,fixed,0.1,0.03,trained_risk_mc,3.126374,0.004310,5,0
population,fixed,fixed,0.1,0.1,L_hat_minus_L_comp,-0.053077,0.004941,5,0
population,fixed,fixed,0.1,0.1,beta_excess_d,0.000652,0.000012,5,0
population,fixed,fixed,0.1,0.1,clean_class_acc,1.000000,0.000000,5,0
population,fixed,fixed,0.1,0.1,d_hat,3.406518,0.000118,5,0
population,fixed,fixed,0.1,0.1,excess_d,0.006518,0.000118,5,0
population,fixed,fixed,0.1,0.1,kl_total,3.406518,0.000118,5,0
population,fixed,fixed,0.1,0.1,noisy_label_acc,0.900000,0.000000,5,0
population,fixed,fixed,0.1,0.1,trained_objective_mc,3.474141,0.004940,5,0
population,fixed,fixed,0.1,0.1,trained_risk,3.128734,0.000704,5,0
population,fixed,fixed,0.1,0.1,trained_risk_mc,3.133489,0.004946,5,0
population,fixed,fixed,0.1,0.3,L_hat_minus_L_comp,-0.046562,0.004758,5,0
population,fixed,fixed,0.1,0.3,beta_excess_d,0.001521,0.000029,5,0
population,fixed,fixed,0.1,0.3,clean_class_acc,1.000000,0.000000,5,0
population,fixed,fixed,0.1,0.3,d_hat,3.405069,0.000096,5,0
population,fixed,fixed,0.1,0.3,excess_d,0.005069,0.000096,5,0
population,fixed,fixed,0.1,0.3,kl_total,3.405069,0.000096,5,0
population,fixed,fixed,0.1,0.3,noisy_label_acc,0.900000,0.000000,5,0
population,fixed,fixed,0.1,0.3,trained_objective_mc,4.160656,0.004757,5,0
population,fixed,fixed,0.1,0.3,trained_risk,3.137020,0.000641,5,0
population,fixed,fixed,0.1,0.3,trained_risk_mc,3.139135,0.004769,5,0
population,fixed,fixed,0.1,1,L_hat_minus_L_comp,-0.035427,0.005617,5,0
population,fixed,fixed,0.1,1,beta_excess_d,0.003812,0.000074,5,0
population,fixed,fixed,0.1,1,clean_class_acc,1.000000,0.000000,5,0
population,fixed,fixed,0.1,1,d_hat,3.403812,0.000074,5,0
population,fixed,fixed,0.1,1,excess_d,0.003812,0.000074,5,0
population,fixed,fixed,0.1,1,kl_total,3.403812,0.000074,5,0
population,fixed,fixed,0.1,1,noisy_label_acc,0.900000,0.000000,5,0
population,fixed,fixed,0.1,1,trained_objective_mc,6.551791,0.005617,5,0
population,fixed,fixed,0.1,1,trained_risk,3.145317,0.000592,5,0
population,fixed,fixed,0.1,1,trained_risk_mc,3.147978,0.005629,5,0
population,fixed,fixed,0.1,3,L_hat_minus_L_comp,-0.023861,0.003215,5,0
population,fixed,fixed,0.1,3,beta_excess_d,0.008217,0.000174,5,0
population,fixed,fixed,0.1,3,clean_class_acc,1.000000,0.000000,5,0
population,fixed,fixed,0.1,3,d_hat,3.402739,0.000058,5,0
population,fixed,fixed,0.1,3,excess_d,0.002739,0.000058,5,0
population,fixed,fixed,0.1,3,kl_total,3.402739,0.000058,5,0
population,fixed,fixed,0.1,3,noisy_label_acc,0.900000,0.000000,5,0
population,fixed,fixed,0.1,3,trained_objective_mc,13.363357,0.003215,5,0
population,fixed,fixed,0.1,3,trained_risk,3.153624,0.000559,5,0
population,fixed,fixed,0.1,3,trained_risk_mc,3.155140,0.003247,5,0
population,fixed,fixed,0.1,10,L_hat_minus_L_comp,-0.006429,0.004167,5,0
population,fixed,fixed,0.1,10,beta_excess_d,0.018476,0.000401,5,0
population,fixed,fixed,0.1,10,clean_class_acc,1.000000,0.000000,5,0
population,fixed,fixed,0.1,10,d_hat,3.401848,0.000040,5,0
population,fixed,fixed,0.1,10,excess_d,0.001848,0.000040,5,0
population,fixed,fixed,0.1,10,kl_total,3.401848,0.000040,5,0
population,fixed,fixed,0.1,10,noisy_label_acc,0.900000,0.000000,5,0
population,fixed,fixed,0.1,10,trained_objective_mc,37.180788,0.004167,5,0
population,fixed,fixed,0.1,10,trained_risk,3.161941,0.000552,5,0
population,fixed,fixed,0.1,10,trained_risk_mc,3.162312,0.004409,5,0
population,fixed,fixed,0.2,0.001,L_hat_minus_L_comp,-0.237856,0.008370,5,0
population,fixed,fixed,0.2,0.001,beta_excess_d,0.000022,0.000000,5,0
population,fixed,fixed,0.2,0.001,clean_class_acc,1.000000,0.000000,5,0
population,fixed,fixed,0.2,0.001,d_hat,6.421987,0.000393,5,0
population,fixed,fixed,0.2,0.001,excess_d,0.021987,0.000393,5,0
population,fixed,fixed,0.2,0.001,kl_total,6.421987,0.000393,5,0
population,fixed,fixed,0.2,0.001,noisy_label_acc,0.800000,0.000000,5,0
population,fixed,fixed,0.2,0.001,trained_objective_mc,5.366199,0.008370,5,0
population,fixed,fixed,0.2,0.001,trained_risk,5.339471,0.002189,5,0
population,fixed,fixed,0.2,0.001,trained_risk_mc,5.359777,0.008370,5,0
population,fixed,fixed,0.2,0.003,L_hat_minus_L_comp,-0.228815,0.007880,5,0
population,fixed,fixed,0.2,0.003,beta_excess_d,0.000059,0.000001,5,0
population,fixed,fixed,0.2,0.003,clean_class_acc,1.000000,0.000000,5,0
population,fixed,fixed,0.2,0.003,d_hat,6.419460,0.000399,5,0
population,fixed,fixed,0.2,0.003,excess_d,0.019460,0.000399,5,0
population,fixed,fixed,0.2,0.003,kl_total,6.419460,0.000399,5,0
population,fixed,fixed,0.2,0.003,noisy_label_acc,0.800000,0.000000,5,0
population,fixed,fixed,0.2,0.003,trained_objective_mc,5.388040,0.007880,5,0
population,fixed,fixed,0.2,0.003,trained_risk,5.354707,0.002269,5,0
population,fixed,fixed,0.2,0.003,trained_risk_mc,5.368782,0.007881,5,0
population,fixed,fixed,0.2,0.01,L_hat_minus_L_comp,-0.210072,0.008359,5,0
population,fixed,fixed,0.2,0.01,beta_excess_d,0.000172,0.000005,5,0
population,fixed,fixed,0.2,0.01,clean_class_acc,1.000000,0.000000,5,0
population,fixed,fixed,0.2,0.01,d_hat,6.417194,0.000501,5,0
population,fixed,fixed,0.2,0.01,excess_d,0.017194,0.000501,5,0
population,fixed,fixed,0.2,0.01,kl_total,6.417194,0.000501,5,0
population,fixed,fixed,0.2,0.01,noisy_label_acc,0.800000,0.000000,5,0
population,fixed,fixed,0.2,0.01,trained_objective_mc,5.451583,0.008358,5,0
population,fixed,fixed,0.2,0.01,trained_risk,5.369338,0.003417,5,0
population,fixed,fixed,0.2,0.01,trained_risk_mc,5.387412,0.008363,5,0
population,fixed,fixed,0.2,0.03,L_hat_minus_L_comp,-0.189998,0.007409,5,0
population,fixed,fixed,0.2,0.03,beta_excess_d,0.000452,0.000017,5,0
population,fixed,fixed,0.2,0.03,clean_class_acc,1.000000,0.000000,5,0
population,fixed,fixed,0.2,0.03,d_hat,6.415075,0.000561,5,0
population,fixed,fixed,0.2,0.03,excess_d,0.015075,0.000561,5,0
population,fixed,fixed,0.2,0.03,kl_total,6.415075,0.000561,5,0
population,fixed,fixed,0.2,0.03,noisy_label_acc,0.800000,0.000000,5,0
population,fixed,fixed,0.2,0.03,trained_objective_mc,5.599658,0.007409,5,0
population,fixed,fixed,0.2,0.03,trained_risk,5.384003,0.004169,5,0
population,fixed,fixed,0.2,0.03,trained_risk_mc,5.407205,0.007422,5,0
population,fixed,fixed,0.2,0.1,L_hat_minus_L_comp,-0.183603,0.009822,5,0
population,fixed,fixed,0.2,0.1,beta_excess_d,0.001302,0.000050,5,0
population,fixed,fixed,0.2,0.1,clean_class_acc,1.000000,0.000000,5,0
population,fixed,fixed,0.2,0.1,d_hat,6.413022,0.000499,5,0
population,fixed,fixed,0.2,0.1,excess_d,0.013022,0.000499,5,0
population,fixed,fixed,0.2,0.1,kl_total,6.413022,0.000499,5,0
population,fixed,fixed,0.2,0.1,noisy_label_acc,0.800000,0.000000,5,0
population,fixed,fixed,0.2,0.1,trained_objective_mc,6.054053,0.009823,5,0
population,fixed,fixed,0.2,0.1,trained_risk,5.399238,0.004424,5,0
population,fixed,fixed,0.2,0.1,trained_risk_mc,5.412750,0.009820,5,0
population,fixed,fixed,0.2,0.3,L_hat_minus_L_comp,-0.159328,0.011997,5,0
population,fixed,fixed,0.2,0.3,beta_excess_d,0.003362,0.000138,5,0
population,fixed,fixed,0.2,0.3,clean_class_acc,1.000000,0.000000,5,0
population,fixed,fixed,0.2,0.3,d_hat,6.411204,0.000461,5,0
population,fixed,fixed,0.2,0.3,excess_d,0.011204,0.000461,5,0
population,fixed,fixed,0.2,0.3,kl_total,6.411204,0.000461,5,0
population,fixed,fixed,0.2,0.3,noisy_label_acc,0.800000,0.000000,5,0
population,fixed,fixed,0.2,0.3,trained_objective_mc,7.358327,0.011997,5,0
population,fixed,fixed,0.2,0.3,trained_risk,5.413796,0.004968,5,0
population,fixed,fixed,0.2,0.3,trained_risk_mc,5.434966,0.011995,5,0
population,fixed,fixed,0.2,1,L_hat_minus_L_comp,-0.144919,0.015097,5,0
population,fixed,fixed,0.2,1,beta_excess_d,0.009500,0.000381,5,0
population,fixed,fixed,0.2,1,clean_class_acc,1.000000,0.000000,5,0
population,fixed,fixed,0.2,1,d_hat,6.409500,0.000381,5,0
population,fixed,fixed,0.2,1,excess_d,0.009500,0.000381,5,0
population,fixed,fixed,0.2,1,kl_total,6.409500,0.000381,5,0
population,fixed,fixed,0.2,1,noisy_label_acc,0.800000,0.000000,5,0
population,fixed,fixed,0.2,1,trained_objective_mc,11.852736,0.015097,5,0
population,fixed,fixed,0.2,1,trained_risk,5.428561,0.004704,5,0
population,fixed,fixed,0.2,1,trained_risk_mc,5.443236,0.015347,5,0
population,fixed,fixed,0.2,3,L_hat_minus_L_comp,-0.108613,0.009283,5,0
population,fixed,fixed,0.2,3,beta_excess_d,0.023963,0.000919,5,0
population,fixed,fixed,0.2,3,clean_class_acc,1.000000,0.000000,5,0
population,fixed,fixed,0.2,3,d_hat,6.407988,0.000307,5,0
population,fixed,fixed,0.2,3,excess_d,0.007988,0.000307,5,0
population,fixed,fixed,0.2,3,kl_total,6.407988,0.000307,5,0
population,fixed,fixed,0.2,3,noisy_label_acc,0.800000,0.000000,5,0
population,fixed,fixed,0.2,3,trained_objective_mc,24.689042,0.009282,5,0
population,fixed,fixed,0.2,3,trained_risk,5.443328,0.004754,5,0
population,fixed,fixed,0.2,3,trained_risk_mc,5.465080,0.009439,5,0
population,fixed,fixed,0.2,10,L_hat_minus_L_comp,-0.057561,0.008336,5,0
population,fixed,fixed,0.2,10,beta_excess_d,0.066330,0.002348,5,0
population,fixed,fixed,0.2,10,clean_class_acc,1.000000,0.000000,5,0
population,fixed,fixed,0.2,10,d_hat,6.406633,0.000235,5,0
population,fixed,fixed,0.2,10,excess_d,0.006633,0.000235,5,0
population,fixed,fixed,0.2,10,kl_total,6.406633,0.000235,5,0
population,fixed,fixed,0.2,10,noisy_label_acc,0.800000,0.000000,5,0
population,fixed,fixed,0.2,10,trained_objective_mc,69.540094,0.008336,5,0
population,fixed,fixed,0.2,10,trained_risk,5.458675,0.004858,5,0
population,fixed,fixed,0.2,10,trained_risk_mc,5.473764,0.009989,5,0
population,fixed,fixed,0.4,0.001,L_hat_minus_L_comp,-0.470910,0.016891,5,0
population,fixed,fixed,0.4,0.001,beta_excess_d,0.000031,0.000002,5,0
population,fixed,fixed,0.4,0.001,clean_class_acc,1.000000,0.000000,5,0
population,fixed,fixed,0.4,0.001,d_hat,11.230647,0.002074,5,0
population,fixed,fixed,0.4,0.001,excess_d,0.030647,0.002074,5,0
population,fixed,fixed,0.4,0.001,kl_total,11.230647,0.002074,5,0
population,fixed,fixed,0.4,0.001,noisy_label_acc,0.600000,0.000000,5,0
population,fixed,fixed,0.4,0.001,trained_objective_mc,7.731550,0.016891,5,0
population,fixed,fixed,0.4,0.001,trained_risk,7.386478,0.021394,5,0
population,fixed,fixed,0.4,0.001,trained_risk_mc,7.720319,0.016891,5,0
population,fixed,fixed,0.4,0.003,L_hat_minus_L_comp,-0.460183,0.019503,5,0
population,fixed,fixed,0.4,0.003,beta_excess_d,0.000086,0.000005,5,0
population,fixed,fixed,0.4,0.003,clean_class_acc,1.000000,0.000000,5,0
population,fixed,fixed,0.4,0.003,d_hat,11.228539,0.001548,5,0
population,fixed,fixed,0.4,0.003,excess_d,0.028539,0.001548,5,0
population,fixed,fixed,0.4,0.003,kl_total,11.228539,0.001548,5,0
population,fixed,fixed,0.4,0.003,noisy_label_acc,0.600000,0.000000,5,0
population,fixed,fixed,0.4,0.003,trained_objective_mc,7.764677,0.019503,5,0
population,fixed,fixed,0.4,0.003,trained_risk,7.407353,0.016374,5,0
population,fixed,fixed,0.4,0.003,trained_risk_mc,7.730992,0.019504,5,0
population,fixed,fixed,0.4,0.01,L_hat_minus_L_comp,-0.421816,0.016102,5,0
population,fixed,fixed,0.4,0.01,beta_excess_d,0.000263,0.000016,5,0
population,fixed,fixed,0.4,0.01,clean_class_acc,1.000000,0.000000,5,0
population,fixed,fixed,0.4,0.01,d_hat,11.226324,0.001600,5,0
population,fixed,fixed,0.4,0.01,excess_d,0.026324,0.001600,5,0
population,fixed,fixed,0.4,0.01,kl_total,11.226324,0.001600,5,0
population,fixed,fixed,0.4,0.01,noisy_label_acc,0.600000,0.000000,5,0
population,fixed,fixed,0.4,0.01,trained_objective_mc,7.881444,0.016102,5,0
population,fixed,fixed,0.4,0.01,trained_risk,7.430603,0.018333,5,0
population,fixed,fixed,0.4,0.01,trained_risk_mc,7.769180,0.016103,5,0
population,fixed,fixed,0.4,0.03,L_hat_minus_L_comp,-0.408180,0.015551,5,0
population,fixed,fixed,0.4,0.03,beta_excess_d,0.000734,0.000043,5,0
population,fixed,fixed,0.4,0.03,clean_class_acc,1.000000,0.000000,5,0
population,fixed,fixed,0.4,0.03,d_hat,11.224459,0.001426,5,0
population,fixed,fixed,0.4,0.03,excess_d,0.024459,0.001426,5,0
population,fixed,fixed,0.4,0.03,kl_total,11.224459,0.001426,5,0
population,fixed,fixed,0.4,0.03,noisy_label_acc,0.600000,0.000000,5,0
population,fixed,fixed,0.4,0.03,trained_objective_mc,8.119079,0.015551,5,0
population,fixed,fixed,0.4,0.03,trained_risk,7.450353,0.017213,5,0
population,fixed,fixed,0.4,0.03,trained_risk_mc,7.782345,0.015577,5,0
population,fixed,fixed,0.4,0.1,L_hat_minus_L_comp,-0.395363,0.023027,5,0
population,fixed,fixed,0.4,0.1,beta_excess_d,0.002271,0.000114,5,0
population,fixed,fixed,0.4,0.1,clean_class_acc,1.000000,0.000000,5,0
population,fixed,fixed,0.4,0.1,d_hat,11.222712,0.001136,5,0
population,fixed,fixed,0.4,0.1,excess_d,0.022712,0.001136,5,0
population,fixed,fixed,0.4,0.1,kl_total,11.222712,0.001136,5,0
population,fixed,fixed,0.4,0.1,noisy_label_acc,0.600000,0.000000,5,0
population,fixed,fixed,0.4,0.1,trained_objective_mc,8.915896,0.023027,5,0
population,fixed,fixed,0.4,0.1,trained_risk,7.471519,0.014986,5,0
population,fixed,fixed,0.4,0.1,trained_risk_mc,7.793625,0.023118,5,0
population,fixed,fixed,0.4,0.3,L_hat_minus_L_comp,-0.382138,0.026586,5,0
population,fixed,fixed,0.4,0.3,beta_excess_d,0.006371,0.000210,5,0
population,fixed,fixed,0.4,0.3,clean_class_acc,1.000000,0.000000,5,0
population,fixed,fixed,0.4,0.3,d_hat,11.221237,0.000702,5,0
population,fixed,fixed,0.4,0.3,excess_d,0.021237,0.000702,5,0
population,fixed,fixed,0.4,0.3,kl_total,11.221237,0.000702,5,0
population,fixed,fixed,0.4,0.3,noisy_label_acc,0.600000,0.000000,5,0
population,fixed,fixed,0.4,0.3,trained_objective_mc,11.169122,0.026587,5,0
population,fixed,fixed,0.4,0.3,trained_risk,7.488689,0.011114,5,0
population,fixed,fixed,0.4,0.3,trained_risk_mc,7.802751,0.026669,5,0
population,fixed,fixed,0.4,1,L_hat_minus_L_comp,-0.352193,0.018939,5,0
population,fixed,fixed,0.4,1,beta_excess_d,0.019673,0.000557,5,0
population,fixed,fixed,0.4,1,clean_class_acc,1.000000,0.000000,5,0
population,fixed,fixed,0.4,1,d_hat,11.219673,0.000557,5,0
population,fixed,fixed,0.4,1,excess_d,0.019673,0.000557,5,0
population,fixed,fixed,0.4,1,kl_total,11.219673,0.000557,5,0
population,fixed,fixed,0.4,1,noisy_label_acc,0.600000,0.000000,5,0
population,fixed,fixed,0.4,1,trained_objective_mc,19.039066,0.018940,5,0
population,fixed,fixed,0.4,1,trained_risk,7.507156,0.009105,5,0
population,fixed,fixed,0.4,1,trained_risk_mc,7.819393,0.019173,5,0
population,fixed,fixed,0.4,3,L_hat_minus_L_comp,-0.284706,0.014093,5,0
population,fixed,fixed,0.4,3,beta_excess_d,0.053989,0.001134,5,0
population,fixed,fixed,0.4,3,clean_class_acc,1.000000,0.000000,5,0
population,fixed,fixed,0.4,3,d_hat,11.217996,0.000378,5,0
population,fixed,fixed,0.4,3,excess_d,0.017996,0.000378,5,0
population,fixed,fixed,0.4,3,kl_total,11.217996,0.000378,5,0
population,fixed,fixed,0.4,3,noisy_label_acc,0.600000,0.000000,5,0
population,fixed,fixed,0.4,3,trained_objective_mc,41.506554,0.014092,5,0
population,fixed,fixed,0.4,3,trained_risk,7.529355,0.007765,5,0
population,fixed,fixed,0.4,3,trained_risk_mc,7.852565,0.013635,5,0
population,fixed,fixed,0.4,10,L_hat_minus_L_comp,-0.177344,0.018907,5,0
population,fixed,fixed,0.4,10,beta_excess_d,0.163952,0.002820,5,0
population,fixed,fixed,0.4,10,clean_class_acc,1.000000,0.000000,5,0
population,fixed,fixed,0.4,10,d_hat,11.216395,0.000282,5,0
population,fixed,fixed,0.4,10,excess_d,0.016395,0.000282,5,0
population,fixed,fixed,0.4,10,kl_total,11.216395,0.000282,5,0
population,fixed,fixed,0.4,10,noisy_label_acc,0.600000,0.000000,5,0
population,fixed,fixed,0.4,10,trained_objective_mc,120.013916,0.018908,5,0
population,fixed,fixed,0.4,10,trained_risk,7.553273,0.007454,5,0
population,fixed,fixed,0.4,10,trained_risk_mc,7.849964,0.019383,5,0
population,fixed,paper,0,0.001,L_hat_minus_L_comp,-0.000076,0.000119,5,0
population,fixed,paper,0,0.001,beta_excess_d,0.000000,0.000000,5,0
population,fixed,paper,0,0.001,clean_class_acc,1.000000,0.000000,5,0
population,fixed,paper,0,0.001,d_hat,0.000021,0.000011,5,0
population,fixed,paper,0,0.001,excess_d,0.000021,0.000011,5,0
population,fixed,paper,0,0.001,kl_total,0.000032,0.000007,5,0
population,fixed,paper,0,0.001,noisy_label_acc,1.000000,0.000000,5,0
population,fixed,paper,0,0.001,trained_objective_mc,0.000208,0.000119,5,0
population,fixed,paper,0,0.001,trained_risk,0.000000,0.000000,5,0
population,fixed,paper,0,0.001,trained_risk_mc,0.000208,0.000119,5,0
population,fixed,paper,0,0.003,L_hat_minus_L_comp,0.000029,0.000147,5,0
population,fixed,paper,0,0.003,beta_excess_d,0.000000,0.000000,5,0
population,fixed,paper,0,0.003,clean_class_acc,1.000000,0.000000,5,0
population,fixed,paper,0,0.003,d_hat,0.000056,0.000041,5,0
population,fixed,paper,0,0.003,excess_d,0.000056,0.000041,5,0
population,fixed,paper,0,0.003,kl_total,0.000111,0.000099,5,0
population,fixed,paper,0,0.003,noisy_label_acc,1.000000,0.000000,5,0
population,fixed,paper,0,0.003,trained_objective_mc,0.000313,0.000147,5,0
population,fixed,paper,0,0.003,trained_risk,0.000000,0.000000,5,0
population,fixed,paper,0,0.003,trained_risk_mc,0.000313,0.000148,5,0
population,fixed,paper,0,0.01,L_hat_minus_L_comp,-0.000065,0.000115,5,0
population,fixed,paper,0,0.01,beta_excess_d,0.000000,0.000001,5,0
population,fixed,paper,0,0.01,clean_class_acc,1.000000,0.000000,5,0
population,fixed,paper,0,0.01,d_hat,0.000049,0.000046,5,0
population,fixed,paper,0,0.01,excess_d,0.000049,0.000046,5,0
population,fixed,paper,0,0.01,kl_total,0.000140,0.000126,5,0
population,fixed,paper,0,0.01,noisy_label_acc,1.000000,0.000000,5,0
population,fixed,paper,0,0.01,trained_objective_mc,0.000219,0.000115,5,0
population,fixed,paper,0,0.01,trained_risk,0.000000,0.000000,5,0
population,fixed,paper,0,0.01,trained_risk_mc,0.000218,0.000115,5,0
population,fixed,paper,0,0.03,L_hat_minus_L_comp,-0.000143,0.000073,5,0
population,fixed,paper,0,0.03,beta_excess_d,0.000000,0.000000,5,0
population,fixed,paper,0,0.03,clean_class_acc,1.000000,0.000000,5,0
population,fixed,paper,0,0.03,d_hat,0.000004,0.000003,5,0
population,fixed,paper,0,0.03,excess_d,0.000004,0.000003,5,0
population,fixed,paper,0,0.03,kl_total,0.000062,0.000124,5,0
population,fixed,paper,0,0.03,noisy_label_acc,1.000000,0.000000,5,0
population,fixed,paper,0,0.03,trained_objective_mc,0.000141,0.000073,5,0
population,fixed,paper,0,0.03,trained_risk,0.000000,0.000000,5,0
population,fixed,paper,0,0.03,trained_risk_mc,0.000139,0.000072,5,0
population,fixed,paper,0,0.1,L_hat_minus_L_comp,-0.000070,0.000067,5,0
population,fixed,paper,0,0.1,beta_excess_d,0.000000,0.000001,5,0
population,fixed,paper,0,0.1,clean_class_acc,1.000000,0.000000,5,0
population,fixed,paper,0,0.1,d_hat,0.000004,0.000004,5,0
population,fixed,paper,0,0.1,excess_d,0.000004,0.000004,5,0
population,fixed,paper,0,0.1,kl_total,0.000005,0.000004,5,0
population,fixed,paper,0,0.1,noisy_label_acc,1.000000,0.000000,5,0
population,fixed,paper,0,0.1,trained_objective_mc,0.000214,0.000067,5,0
population,fixed,paper,0,0.1,trained_risk,0.000000,0.000000,5,0
population,fixed,paper,0,0.1,trained_risk_mc,0.000214,0.000067,5,0
population,fixed,paper,0,0.3,L_hat_minus_L_comp,0.000043,0.000113,5,0
population,fixed,paper,0,0.3,beta_excess_d,0.000001,0.000001,5,0
population,fixed,paper,0,0.3,clean_class_acc,1.000000,0.000000,5,0
population,fixed,paper,0,0.3,d_hat,0.000004,0.000003,5,0
population,fixed,paper,0,0.3,excess_d,0.000004,0.000003,5,0
population,fixed,paper,0,0.3,kl_total,0.000006,0.000003,5,0
population,fixed,paper,0,0.3,noisy_label_acc,1.000000,0.000000,5,0
population,fixed,paper,0,0.3,trained_objective_mc,0.000327,0.000113,5,0
population,fixed,paper,0,0.3,trained_risk,0.000000,0.000000,5,0
population,fixed,paper,0,0.3,trained_risk_mc,0.000326,0.000113,5,0
population,fixed,paper,0,1,L_hat_minus_L_comp,-0.000015,0.000212,5,0
population,fixed,paper,0,1,beta_excess_d,0.000005,0.000005,5,0
population,fixed,paper,0,1,clean_class_acc,1.000000,0.000000,5,0
population,fixed,paper,0,1,d_hat,0.000005,0.000005,5,0
population,fixed,paper,0,1,excess_d,0.000005,0.000005,5,0
population,fixed,paper,0,1,kl_total,0.000028,0.000033,5,0
population,fixed,paper,0,1,noisy_label_acc,1.000000,0.000000,5,0
population,fixed,paper,0,1,trained_objective_mc,0.000269,0.000212,5,0
population,fixed,paper,0,1,trained_risk,0.000000,0.000000,5,0
population,fixed,paper,0,1,trained_risk_mc,0.000240,0.000214,5,0
population,fixed,paper,0,3,L_hat_minus_L_comp,-0.000110,0.000098,5,0
population,fixed,paper,0,3,beta_excess_d,0.000011,0.000004,5,0
population,fixed,paper,0,3,clean_class_acc,1.000000,0.000000,5,0
population,fixed,paper,0,3,d_hat,0.000004,0.000001,5,0
population,fixed,paper,0,3,excess_d,0.000004,0.000001,5,0
population,fixed,paper,0,3,kl_total,0.000005,0.000002,5,0
population,fixed,paper,0,3,noisy_label_acc,1.000000,0.000000,5,0
population,fixed,paper,0,3,trained_objective_mc,0.000174,0.000098,5,0
population,fixed,paper,0,3,trained_risk,0.000000,0.000000,5,0
population,fixed,paper,0,3,trained_risk_mc,0.000161,0.000094,5,0
population,fixed,paper,0,10,L_hat_minus_L_comp,0.000107,0.000120,5,0
population,fixed,paper,0,10,beta_excess_d,0.000051,0.000037,5,0
population,fixed,paper,0,10,clean_class_acc,1.000000,0.000000,5,0
population,fixed,paper,0,10,d_hat,0.000005,0.000004,5,0
population,fixed,paper,0,10,excess_d,0.000005,0.000004,5,0
population,fixed,paper,0,10,kl_total,0.000005,0.000004,5,0
population,fixed,paper,0,10,noisy_label_acc,1.000000,0.000000,5,0
population,fixed,paper,0,10,trained_objective_mc,0.000391,0.000120,5,0
population,fixed,paper,0,10,trained_risk,0.000000,0.000000,5,0
population,fixed,paper,0,10,trained_risk_mc,0.000339,0.000112,5,0
population,fixed,paper,0.1,0.001,L_hat_minus_L_comp,-0.087307,0.006517,5,0
population,fixed,paper,0.1,0.001,beta_excess_d,0.000014,0.000000,5,0
population,fixed,paper,0.1,0.001,clean_class_acc,1.000000,0.000000,5,0
population,fixed,paper,0.1,0.001,d_hat,3.414167,0.000200,5,0
population,fixed,paper,0.1,0.001,excess_d,0.014167,0.000200,5,0
population,fixed,paper,0.1,0.001,kl_total,3.414620,0.000284,5,0
population,fixed,paper,0.1,0.001,noisy_label_acc,0.900000,0.000000,5,0
population,fixed,paper,0.1,0.001,trained_objective_mc,3.103310,0.006517,5,0
population,fixed,paper,0.1,0.001,trained_risk,3.096068,0.000780,5,0
population,fixed,paper,0.1,0.001,trained_risk_mc,3.099896,0.006517,5,0
population,fixed,paper,0.1,0.003,L_hat_minus_L_comp,-0.076935,0.003790,5,0
population,fixed,paper,0.1,0.003,beta_excess_d,0.000036,0.000001,5,0
population,fixed,paper,0.1,0.003,clean_class_acc,1.000000,0.000000,5,0
population,fixed,paper,0.1,0.003,d_hat,3.411961,0.000173,5,0
population,fixed,paper,0.1,0.003,excess_d,0.011961,0.000173,5,0
population,fixed,paper,0.1,0.003,kl_total,3.412363,0.000220,5,0
population,fixed,paper,0.1,0.003,noisy_label_acc,0.900000,0.000000,5,0
population,fixed,paper,0.1,0.003,trained_objective_mc,3.120483,0.003790,5,0
population,fixed,paper,0.1,0.003,trained_risk,3.104306,0.000714,5,0
population,fixed,paper,0.1,0.003,trained_risk_mc,3.110246,0.003789,5,0
population,fixed,paper,0.1,0.01,L_hat_minus_L_comp,-0.072737,0.002716,5,0
population,fixed,paper,0.1,0.01,beta_excess_d,0.000099,0.000001,5,0
population,fixed,paper,0.1,0.01,clean_class_acc,1.000000,0.000000,5,0
population,fixed,paper,0.1,0.01,d_hat,3.409945,0.000135,5,0
population,fixed,paper,0.1,0.01,excess_d,0.009945,0.000135,5,0
population,fixed,paper,0.1,0.01,kl_total,3.410333,0.000155,5,0
population,fixed,paper,0.1,0.01,noisy_label_acc,0.900000,0.000000,5,0
population,fixed,paper,0.1,0.01,trained_objective_mc,3.148480,0.002716,5,0
population,fixed,paper,0.1,0.01,trained_risk,3.112538,0.000643,5,0
population,fixed,paper,0.1,0.01,trained_risk_mc,3.114377,0.002718,5,0
population,fixed,paper,0.1,0.03,L_hat_minus_L_comp,-0.061019,0.004496,5,0
population,fixed,paper,0.1,0.03,beta_excess_d,0.000245,0.000004,5,0
population,fixed,paper,0.1,0.03,clean_class_acc,1.000000,0.000000,5,0
population,fixed,paper,0.1,0.03,d_hat,3.408173,0.000146,5,0
population,fixed,paper,0.1,0.03,excess_d,0.008173,0.000146,5,0
population,fixed,paper,0.1,0.03,kl_total,3.408507,0.000163,5,0
population,fixed,paper,0.1,0.03,noisy_label_acc,0.900000,0.000000,5,0
population,fixed,paper,0.1,0.03,trained_objective_mc,3.228199,0.004496,5,0
population,fixed,paper,0.1,0.03,trained_risk,3.120428,0.000792,5,0
population,fixed,paper,0.1,0.03,trained_risk_mc,3.125943,0.004497,5,0
population,fixed,paper,0.1,0.1,L_hat_minus_L_comp,-0.053190,0.004854,5,0
population,fixed,paper,0.1,0.1,beta_excess_d,0.000652,0.000012,5,0
population,fixed,paper,0.1,0.1,clean_class_acc,1.000000,0.000000,5,0
population,fixed,paper,0.1,0.1,d_hat,3.406522,0.000123,5,0
population,fixed,paper,0.1,0.1,excess_d,0.006522,0.000123,5,0
population,fixed,paper,0.1,0.1,kl_total,3.406812,0.000113,5,0
population,fixed,paper,0.1,0.1,noisy_label_acc,0.900000,0.000000,5,0
population,fixed,paper,0.1,0.1,trained_objective_mc,3.474027,0.004854,5,0
population,fixed,paper,0.1,0.1,trained_risk,3.128702,0.000715,5,0
population,fixed,paper,0.1,0.1,trained_risk_mc,3.133346,0.004857,5,0
population,fixed,paper,0.1,0.3,L_hat_minus_L_comp,-0.046625,0.004749,5,0
population,fixed,paper,0.1,0.3,beta_excess_d,0.001522,0.000029,5,0
population,fixed,paper,0.1,0.3,clean_class_acc,1.000000,0.000000,5,0
population,fixed,paper,0.1,0.3,d_hat,3.405073,0.000096,5,0
population,fixed,paper,0.1,0.3,excess_d,0.005073,0.000096,5,0
population,fixed,paper,0.1,0.3,kl_total,3.405326,0.000097,5,0
population,fixed,paper,0.1,0.3,noisy_label_acc,0.900000,0.000000,5,0
population,fixed,paper,0.1,0.3,trained_objective_mc,4.160593,0.004748,5,0
population,fixed,paper,0.1,0.3,trained_risk,3.136990,0.000648,5,0
population,fixed,paper,0.1,0.3,trained_risk_mc,3.138995,0.004759,5,0
population,fixed,paper,0.1,1,L_hat_minus_L_comp,-0.035178,0.005321,5,0
population,fixed,paper,0.1,1,beta_excess_d,0.003812,0.000075,5,0
population,fixed,paper,0.1,1,clean_class_acc,1.000000,0.000000,5,0
population,fixed,paper,0.1,1,d_hat,3.403812,0.000075,5,0
population,fixed,paper,0.1,1,excess_d,0.003812,0.000075,5,0
population,fixed,paper,0.1,1,kl_total,3.404046,0.000073,5,0
population,fixed,paper,0.1,1,noisy_label_acc,0.900000,0.000000,5,0
population,fixed,paper,0.1,1,trained_objective_mc,6.552039,0.005320,5,0
population,fixed,paper,0.1,1,trained_risk,3.145288,0.000595,5,0
population,fixed,paper,0.1,1,trained_risk_mc,3.147993,0.005341,5,0
population,fixed,paper,0.1,3,L_hat_minus_L_comp,-0.023456,0.003225,5,0
population,fixed,paper,0.1,3,beta_excess_d,0.008222,0.000179,5,0
population,fixed,paper,0.1,3,clean_class_acc,1.000000,0.000000,5,0
population,fixed,paper,0.1,3,d_hat,3.402740,0.000060,5,0
population,fixed,paper,0.1,3,excess_d,0.002740,0.000060,5,0
population,fixed,paper,0.1,3,kl_total,3.402925,0.000058,5,0
population,fixed,paper,0.1,3,noisy_label_acc,0.900000,0.000000,5,0
population,fixed,paper,0.1,3,trained_objective_mc,13.363762,0.003225,5,0
population,fixed,paper,0.1,3,trained_risk,3.153598,0.000559,5,0
population,fixed,paper,0.1,3,trained_risk_mc,3.154985,0.003291,5,0
population,fixed,paper,0.1,10,L_hat_minus_L_comp,-0.004652,0.004357,5,0
population,fixed,paper,0.1,10,beta_excess_d,0.018476,0.000392,5,0
population,fixed,paper,0.1,10,clean_class_acc,1.000000,0.000000,5,0
population,fixed,paper,0.1,10,d_hat,3.401848,0.000039,5,0
population,fixed,paper,0.1,10,excess_d,0.001848,0.000039,5,0
population,fixed,paper,0.1,10,kl_total,3.402040,0.000060,5,0
population,fixed,paper,0.1,10,noisy_label_acc,0.900000,0.000000,5,0
population,fixed,paper,0.1,10,trained_objective_mc,37.182566,0.004357,5,0
population,fixed,paper,0.1,10,trained_risk,3.161915,0.000545,5,0
population,fixed,paper,0.1,10,trained_risk_mc,3.162162,0.004410,5,0
population,fixed,paper,0.2,0.001,L_hat_minus_L_comp,-0.242509,0.005333,5,0
population,fixed,paper,0.2,0.001,beta_excess_d,0.000023,0.000001,5,0
population,fixed,paper,0.2,0.001,clean_class_acc,1.000000,0.000000,5,0
population,fixed,paper,0.2,0.001,d_hat,6.422522,0.000610,5,0
population,fixed,paper,0.2,0.001,excess_d,0.022522,0.000610,5,0
population,fixed,paper,0.2,0.001,kl_total,6.423120,0.000446,5,0
population,fixed,paper,0.2,0.001,noisy_label_acc,0.800000,0.000000,5,0
population,fixed,paper,0.2,0.001,trained_objective_mc,5.361546,0.005334,5,0
population,fixed,paper,0.2,0.001,trained_risk,5.337014,0.004206,5,0
population,fixed,paper,0.2,0.001,trained_risk_mc,5.355123,0.005334,5,0
population,fixed,paper,0.2,0.003,L_hat_minus_L_comp,-0.231552,0.007935,5,0
population,fixed,paper,0.2,0.003,beta_excess_d,0.000060,0.000002,5,0
population,fixed,paper,0.2,0.003,clean_class_acc,1.000000,0.000000,5,0
population,fixed,paper,0.2,0.003,d_hat,6.419909,0.000597,5,0
population,fixed,paper,0.2,0.003,excess_d,0.019909,0.000597,5,0
population,fixed,paper,0.2,0.003,kl_total,6.420491,0.000451,5,0
population,fixed,paper,0.2,0.003,noisy_label_acc,0.800000,0.000000,5,0
population,fixed,paper,0.2,0.003,trained_objective_mc,5.385303,0.007935,5,0
population,fixed,paper,0.2,0.003,trained_risk,5.352142,0.004409,5,0
population,fixed,paper,0.2,0.003,trained_risk_mc,5.366041,0.007935,5,0
population,fixed,paper,0.2,0.01,L_hat_minus_L_comp,-0.215221,0.006998,5,0
population,fixed,paper,0.2,0.01,beta_excess_d,0.000175,0.000006,5,0
population,fixed,paper,0.2,0.01,clean_class_acc,1.000000,0.000000,5,0
population,fixed,paper,0.2,0.01,d_hat,6.417482,0.000578,5,0
population,fixed,paper,0.2,0.01,excess_d,0.017482,0.000578,5,0
population,fixed,paper,0.2,0.01,kl_total,6.418008,0.000439,5,0
population,fixed,paper,0.2,0.01,noisy_label_acc,0.800000,0.000000,5,0
population,fixed,paper,0.2,0.01,trained_objective_mc,5.446435,0.006998,5,0
population,fixed,paper,0.2,0.01,trained_risk,5.367400,0.004542,5,0
population,fixed,paper,0.2,0.01,trained_risk_mc,5.382255,0.007002,5,0
population,fixed,paper,0.2,0.03,L_hat_minus_L_comp,-0.193792,0.009544,5,0
population,fixed,paper,0.2,0.03,beta_excess_d,0.000459,0.000018,5,0
population,fixed,paper,0.2,0.03,clean_class_acc,1.000000,0.000000,5,0
population,fixed,paper,0.2,0.03,d_hat,6.415299,0.000585,5,0
population,fixed,paper,0.2,0.03,excess_d,0.015299,0.000585,5,0
population,fixed,paper,0.2,0.03,kl_total,6.415810,0.000502,5,0
population,fixed,paper,0.2,0.03,noisy_label_acc,0.800000,0.000000,5,0
population,fixed,paper,0.2,0.03,trained_objective_mc,5.595864,0.009544,5,0
population,fixed,paper,0.2,0.03,trained_risk,5.382063,0.004854,5,0
population,fixed,paper,0.2,0.03,trained_risk_mc,5.403389,0.009554,5,0
population,fixed,paper,0.2,0.1,L_hat_minus_L_comp,-0.180872,0.008857,5,0
population,fixed,paper,0.2,0.1,beta_excess_d,0.001322,0.000053,5,0
population,fixed,paper,0.2,0.1,clean_class_acc,1.000000,0.000000,5,0
population,fixed,paper,0.2,0.1,d_hat,6.413225,0.000524,5,0
population,fixed,paper,0.2,0.1,excess_d,0.013225,0.000524,5,0
population,fixed,paper,0.2,0.1,kl_total,6.413716,0.000476,5,0
population,fixed,paper,0.2,0.1,noisy_label_acc,0.800000,0.000000,5,0
population,fixed,paper,0.2,0.1,trained_objective_mc,6.056784,0.008858,5,0
population,fixed,paper,0.2,0.1,trained_risk,5.397370,0.004987,5,0
population,fixed,paper,0.2,0.1,trained_risk_mc,5.415412,0.008867,5,0
population,fixed,paper,0.2,0.3,L_hat_minus_L_comp,-0.160196,0.011988,5,0
population,fixed,paper,0.2,0.3,beta_excess_d,0.003400,0.000138,5,0
population,fixed,paper,0.2,0.3,clean_class_acc,1.000000,0.000000,5,0
population,fixed,paper,0.2,0.3,d_hat,6.411334,0.000461,5,0
population,fixed,paper,0.2,0.3,excess_d,0.011334,0.000461,5,0
population,fixed,paper,0.2,0.3,kl_total,6.411801,0.000426,5,0
population,fixed,paper,0.2,0.3,noisy_label_acc,0.800000,0.000000,5,0
population,fixed,paper,0.2,0.3,trained_objective_mc,7.357459,0.011988,5,0
population,fixed,paper,0.2,0.3,trained_risk,5.412379,0.004738,5,0
population,fixed,paper,0.2,0.3,trained_risk_mc,5.433919,0.011995,5,0
population,fixed,paper,0.2,1,L_hat_minus_L_comp,-0.149828,0.010937,5,0
population,fixed,paper,0.2,1,beta_excess_d,0.009606,0.000367,5,0
population,fixed,paper,0.2,1,clean_class_acc,1.000000,0.000000,5,0
population,fixed,paper,0.2,1,d_hat,6.409606,0.000367,5,0
population,fixed,paper,0.2,1,excess_d,0.009606,0.000367,5,0
population,fixed,paper,0.2,1,kl_total,6.410059,0.000331,5,0
population,fixed,paper,0.2,1,noisy_label_acc,0.800000,0.000000,5,0
population,fixed,paper,0.2,1,trained_objective_mc,11.847827,0.010938,5,0
population,fixed,paper,0.2,1,trained_risk,5.427090,0.004225,5,0
population,fixed,paper,0.2,1,trained_risk_mc,5.437769,0.011138,5,0
population,fixed,paper,0.2,3,L_hat_minus_L_comp,-0.108251,0.009057,5,0
population,fixed,paper,0.2,3,beta_excess_d,0.024212,0.000848,5,0
population,fixed,paper,0.2,3,clean_class_acc,1.000000,0.000000,5,0
population,fixed,paper,0.2,3,d_hat,6.408071,0.000283,5,0
population,fixed,paper,0.2,3,excess_d,0.008071,0.000283,5,0
population,fixed,paper,0.2,3,kl_total,6.408507,0.000265,5,0
population,fixed,paper,0.2,3,noisy_label_acc,0.800000,0.000000,5,0
population,fixed,paper,0.2,3,trained_objective_mc,24.689405,0.009057,5,0
population,fixed,paper,0.2,3,trained_risk,5.441858,0.004007,5,0
population,fixed,paper,0.2,3,trained_risk_mc,5.463884,0.009221,5,0
population,fixed,paper,0.2,10,L_hat_minus_L_comp,-0.053383,0.008580,5,0
population,fixed,paper,0.2,10,beta_excess_d,0.066937,0.002076,5,0
population,fixed,paper,0.2,10,clean_class_acc,1.000000,0.000000,5,0
population,fixed,paper,0.2,10,d_hat,6.406694,0.000208,5,0
population,fixed,paper,0.2,10,excess_d,0.006694,0.000208,5,0
population,fixed,paper,0.2,10,kl_total,6.407125,0.000169,5,0
population,fixed,paper,0.2,10,noisy_label_acc,0.800000,0.000000,5,0
population,fixed,paper,0.2,10,trained_objective_mc,69.544272,0.008580,5,0
population,fixed,paper,0.2,10,trained_risk,5.457244,0.004136,5,0
population,fixed,paper,0.2,10,trained_risk_mc,5.473022,0.010054,5,0
population,fixed,paper,0.4,0.001,L_hat_minus_L_comp,-0.531645,0.015846,5,0
population,fixed,paper,0.4,0.001,beta_excess_d,0.000032,0.000002,5,0
population,fixed,paper,0.4,0.001,clean_class_acc,1.000000,0.000000,5,0
population,fixed,paper,0.4,0.001,d_hat,11.232374,0.001796,5,0
population,fixed,paper,0.4,0.001,excess_d,0.032374,0.001796,5,0
population,fixed,paper,0.4,0.001,kl_total,11.235864,0.002004,5,0
population,fixed,paper,0.4,0.001,noisy_label_acc,0.600000,0.000000,5,0
population,fixed,paper,0.4,0.001,trained_objective_mc,7.670815,0.015847,5,0
population,fixed,paper,0.4,0.001,trained_risk,7.369347,0.018965,5,0
population,fixed,paper,0.4,0.001,trained_risk_mc,7.659579,0.015847,5,0
population,fixed,paper,0.4,0.003,L_hat_minus_L_comp,-0.518098,0.022422,5,0
population,fixed,paper,0.4,0.003,beta_excess_d,0.000090,0.000004,5,0
population,fixed,paper,0.4,0.003,clean_class_acc,1.000000,0.000000,5,0
population,fixed,paper,0.4,0.003,d_hat,11.230023,0.001454,5,0
population,fixed,paper,0.4,0.003,excess_d,0.030023,0.001454,5,0
population,fixed,paper,0.4,0.003,kl_total,11.233426,0.001609,5,0
population,fixed,paper,0.4,0.003,noisy_label_acc,0.600000,0.000000,5,0
population,fixed,paper,0.4,0.003,trained_objective_mc,7.706762,0.022422,5,0
population,fixed,paper,0.4,0.003,trained_risk,7.391636,0.015601,5,0
population,fixed,paper,0.4,0.003,trained_risk_mc,7.673061,0.022424,5,0
population,fixed,paper,0.4,0.01,L_hat_minus_L_comp,-0.479656,0.015577,5,0
population,fixed,paper,0.4,0.01,beta_excess_d,0.000278,0.000015,5,0
population,fixed,paper,0.4,0.01,clean_class_acc,1.000000,0.000000,5,0
population,fixed,paper,0.4,0.01,d_hat,11.227777,0.001465,5,0
population,fixed,paper,0.4,0.01,excess_d,0.027777,0.001465,5,0
population,fixed,paper,0.4,0.01,kl_total,11.231007,0.001529,5,0
population,fixed,paper,0.4,0.01,noisy_label_acc,0.600000,0.000000,5,0
population,fixed,paper,0.4,0.01,trained_objective_mc,7.823603,0.015576,5,0
population,fixed,paper,0.4,0.01,trained_risk,7.414106,0.016588,5,0
population,fixed,paper,0.4,0.01,trained_risk_mc,7.711293,0.015579,5,0
population,fixed,paper,0.4,0.03,L_hat_minus_L_comp,-0.464819,0.015274,5,0
population,fixed,paper,0.4,0.03,beta_excess_d,0.000776,0.000038,5,0
population,fixed,paper,0.4,0.03,clean_class_acc,1.000000,0.000000,5,0
population,fixed,paper,0.4,0.03,d_hat,11.225872,0.001278,5,0
population,fixed,paper,0.4,0.03,excess_d,0.025872,0.001278,5,0
population,fixed,paper,0.4,0.03,kl_total,11.228931,0.001415,5,0
population,fixed,paper,0.4,0.03,noisy_label_acc,0.600000,0.000000,5,0
population,fixed,paper,0.4,0.03,trained_objective_mc,8.062440,0.015274,5,0
population,fixed,paper,0.4,0.03,trained_risk,7.433937,0.014945,5,0
population,fixed,paper,0.4,0.03,trained_risk_mc,7.725573,0.015299,5,0
population,fixed,paper,0.4,0.1,L_hat_minus_L_comp,-0.449137,0.019767,5,0
population,fixed,paper,0.4,0.1,beta_excess_d,0.002395,0.000102,5,0
population,fixed,paper,0.4,0.1,clean_class_acc,1.000000,0.000000,5,0
population,fixed,paper,0.4,0.1,d_hat,11.223945,0.001021,5,0
population,fixed,paper,0.4,0.1,excess_d,0.023945,0.001021,5,0
population,fixed,paper,0.4,0.1,kl_total,11.226835,0.001135,5,0
population,fixed,paper,0.4,0.1,noisy_label_acc,0.600000,0.000000,5,0
population,fixed,paper,0.4,0.1,trained_objective_mc,8.862123,0.019767,5,0
population,fixed,paper,0.4,0.1,trained_risk,7.455572,0.012794,5,0
population,fixed,paper,0.4,0.1,trained_risk_mc,7.739439,0.019841,5,0
population,fixed,paper,0.4,0.3,L_hat_minus_L_comp,-0.431904,0.024168,5,0
population,fixed,paper,0.4,0.3,beta_excess_d,0.006666,0.000213,5,0
population,fixed,paper,0.4,0.3,clean_class_acc,1.000000,0.000000,5,0
population,fixed,paper,0.4,0.3,d_hat,11.222220,0.000711,5,0
population,fixed,paper,0.4,0.3,excess_d,0.022220,0.000711,5,0
population,fixed,paper,0.4,0.3,kl_total,11.224934,0.000852,5,0
population,fixed,paper,0.4,0.3,noisy_label_acc,0.600000,0.000000,5,0
population,fixed,paper,0.4,0.3,trained_objective_mc,11.119356,0.024169,5,0
population,fixed,paper,0.4,0.3,trained_risk,7.475207,0.010406,5,0
population,fixed,paper,0.4,0.3,trained_risk_mc,7.751875,0.024219,5,0
population,fixed,paper,0.4,1,L_hat_minus_L_comp,-0.397382,0.016079,5,0
population,fixed,paper,0.4,1,beta_excess_d,0.020569,0.000564,5,0
population,fixed,paper,0.4,1,clean_class_acc,1.000000,0.000000,5,0
population,fixed,paper,0.4,1,d_hat,11.220569,0.000564,5,0
population,fixed,paper,0.4,1,excess_d,0.020569,0.000564,5,0
population,fixed,paper,0.4,1,kl_total,11.223141,0.000750,5,0
population,fixed,paper,0.4,1,noisy_label_acc,0.600000,0.000000,5,0
population,fixed,paper,0.4,1,trained_objective_mc,18.993877,0.016080,5,0
population,fixed,paper,0.4,1,trained_risk,7.494823,0.008853,5,0
population,fixed,paper,0.4,1,trained_risk_mc,7.770736,0.016217,5,0
population,fixed,paper,0.4,3,L_hat_minus_L_comp,-0.322936,0.013298,5,0
population,fixed,paper,0.4,3,beta_excess_d,0.056567,0.001277,5,0
population,fixed,paper,0.4,3,clean_class_acc,1.000000,0.000000,5,0
population,fixed,paper,0.4,3,d_hat,11.218856,0.000426,5,0
population,fixed,paper,0.4,3,excess_d,0.018856,0.000426,5,0
population,fixed,paper,0.4,3,kl_total,11.221416,0.000559,5,0
population,fixed,paper,0.4,3,noisy_label_acc,0.600000,0.000000,5,0
population,fixed,paper,0.4,3,trained_objective_mc,41.468323,0.013299,5,0
population,fixed,paper,0.4,3,trained_risk,7.516740,0.007500,5,0
population,fixed,paper,0.4,3,trained_risk_mc,7.804073,0.012739,5,0
population,fixed,paper,0.4,10,L_hat_minus_L_comp,-0.191251,0.018015,5,0
population,fixed,paper,0.4,10,beta_excess_d,0.172400,0.002920,5,0
population,fixed,paper,0.4,10,clean_class_acc,1.000000,0.000000,5,0
population,fixed,paper,0.4,10,d_hat,11.217240,0.000292,5,0
population,fixed,paper,0.4,10,excess_d,0.017240,0.000292,5,0
population,fixed,paper,0.4,10,kl_total,11.219872,0.000479,5,0
population,fixed,paper,0.4,10,noisy_label_acc,0.600000,0.000000,5,0
population,fixed,paper,0.4,10,trained_objective_mc,120.000008,0.018015,5,0
population,fixed,paper,0.4,10,trained_risk,7.539411,0.005603,5,0
population,fixed,paper,0.4,10,trained_risk_mc,7.801289,0.020446,5,0
population,trainable,paper,0,0.001,L_hat_minus_L_comp,0.000153,0.000185,5,0
population,trainable,paper,0,0.001,beta_excess_d,0.000000,0.000001,5,0
population,trainable,paper,0,0.001,clean_class_acc,1.000000,0.000000,5,0
population,trainable,paper,0,0.001,d_hat,0.000543,0.000797,5,0
population,trainable,paper,0,0.001,excess_d,0.000543,0.000797,5,0
population,trainable,paper,0,0.001,kl_total,0.000614,0.000847,5,0
population,trainable,paper,0,0.001,noisy_label_acc,1.000000,0.000000,5,0
population,trainable,paper,0,0.001,trained_objective_mc,0.000437,0.000185,5,0
population,trainable,paper,0,0.001,trained_risk,0.000000,0.000000,5,0
population,trainable,paper,0,0.001,trained_risk_mc,0.000436,0.000185,5,0
population,trainable,paper,0,0.003,L_hat_minus_L_comp,-0.000072,0.000269,5,0
population,trainable,paper,0,0.003,beta_excess_d,0.000000,0.000001,5,0
population,trainable,paper,0,0.003,clean_class_acc,1.000000,0.000000,5,0
population,trainable,paper,0,0.003,d_hat,0.000097,0.000108,5,0
population,trainable,paper,0,0.003,excess_d,0.000097,0.000108,5,0
population,trainable,paper,0,0.003,kl_total,0.000147,0.000112,5,0
population,trainable,paper,0,0.003,noisy_label_acc,1.000000,0.000000,5,0
population,trainable,paper,0,0.003,trained_objective_mc,0.000212,0.000269,5,0
population,trainable,paper,0,0.003,trained_risk,0.000000,0.000000,5,0
population,trainable,paper,0,0.003,trained_risk_mc,0.000211,0.000269,5,0
population,trainable,paper,0,0.01,L_hat_minus_L_comp,0.000012,0.000127,5,0
population,trainable,paper,0,0.01,beta_excess_d,0.000001,0.000002,5,0
population,trainable,paper,0,0.01,clean_class_acc,1.000000,0.000000,5,0
population,trainable,paper,0,0.01,d_hat,0.000153,0.000151,5,0
population,trainable,paper,0,0.01,excess_d,0.000153,0.000151,5,0
population,trainable,paper,0,0.01,kl_total,0.000885,0.001402,5,0
population,trainable,paper,0,0.01,noisy_label_acc,1.000000,0.000000,5,0
population,trainable,paper,0,0.01,trained_objective_mc,0.000296,0.000127,5,0
population,trainable,paper,0,0.01,trained_risk,0.000000,0.000000,5,0
population,trainable,paper,0,0.01,trained_risk_mc,0.000287,0.000116,5,0
population,trainable,paper,0,0.03,L_hat_minus_L_comp,-0.000127,0.000074,5,0
population,trainable,paper,0,0.03,beta_excess_d,0.000000,0.000000,5,0
population,trainable,paper,0,0.03,clean_class_acc,1.000000,0.000000,5,0
population,trainable,paper,0,0.03,d_hat,0.000004,0.000002,5,0
population,trainable,paper,0,0.03,excess_d,0.000004,0.000002,5,0
population,trainable,paper,0,0.03,kl_total,0.000038,0.000043,5,0
population,trainable,paper,0,0.03,noisy_label_acc,1.000000,0.000000,5,0
population,trainable,paper,0,0.03,trained_objective_mc,0.000157,0.000074,5,0
population,trainable,paper,0,0.03,trained_risk,0.000000,0.000000,5,0
population,trainable,paper,0,0.03,trained_risk_mc,0.000156,0.000073,5,0
population,trainable,paper,0,0.1,L_hat_minus_L_comp,0.000120,0.000161,5,0
population,trainable,paper,0,0.1,beta_excess_d,0.000001,0.000001,5,0
population,trainable,paper,0,0.1,clean_class_acc,1.000000,0.000000,5,0
population,trainable,paper,0,0.1,d_hat,0.000005,0.000004,5,0
population,trainable,paper,0,0.1,excess_d,0.000005,0.000004,5,0
population,trainable,paper,0,0.1,kl_total,0.000020,0.000021,5,0
population,trainable,paper,0,0.1,noisy_label_acc,1.000000,0.000000,5,0
population,trainable,paper,0,0.1,trained_objective_mc,0.000404,0.000161,5,0
population,trainable,paper,0,0.1,trained_risk,0.000000,0.000000,5,0
population,trainable,paper,0,0.1,trained_risk_mc,0.000401,0.000162,5,0
population,trainable,paper,0,0.3,L_hat_minus_L_comp,-0.000001,0.000238,5,0
population,trainable,paper,0,0.3,beta_excess_d,0.000002,0.000001,5,0
population,trainable,paper,0,0.3,clean_class_acc,1.000000,0.000000,5,0
population,trainable,paper,0,0.3,d_hat,0.000005,0.000002,5,0
population,trainable,paper,0,0.3,excess_d,0.000005,0.000002,5,0
population,trainable,paper,0,0.3,kl_total,0.000015,0.000022,5,0
population,trainable,paper,0,0.3,noisy_label_acc,1.000000,0.000000,5,0
population,trainable,paper,0,0.3,trained_objective_mc,0.000283,0.000238,5,0
population,trainable,paper,0,0.3,trained_risk,0.000000,0.000000,5,0
population,trainable,paper,0,0.3,trained_risk_mc,0.000279,0.000232,5,0
population,trainable,paper,0,1,L_hat_minus_L_comp,-0.000069,0.000088,5,0
population,trainable,paper,0,1,beta_excess_d,0.000007,0.000003,5,0
population,trainable,paper,0,1,clean_class_acc,1.000000,0.000000,5,0
population,trainable,paper,0,1,d_hat,0.000007,0.000003,5,0
population,trainable,paper,0,1,excess_d,0.000007,0.000003,5,0
population,trainable,paper,0,1,kl_total,0.000025,0.000039,5,0
population,trainable,paper,0,1,noisy_label_acc,1.000000,0.000000,5,0
population,trainable,paper,0,1,trained_objective_mc,0.000215,0.000088,5,0
population,trainable,paper,0,1,trained_risk,0.000000,0.000000,5,0
population,trainable,paper,0,1,trained_risk_mc,0.000191,0.000092,5,0
population,trainable,paper,0,3,L_hat_minus_L_comp,-0.000055,0.000141,5,0
population,trainable,paper,0,3,beta_excess_d,0.000013,0.000008,5,0
population,trainable,paper,0,3,clean_class_acc,1.000000,0.000000,5,0
population,trainable,paper,0,3,d_hat,0.000004,0.000003,5,0
population,trainable,paper,0,3,excess_d,0.000004,0.000003,5,0
population,trainable,paper,0,3,kl_total,0.000004,0.000003,5,0
population,trainable,paper,0,3,noisy_label_acc,1.000000,0.000000,5,0
population,trainable,paper,0,3,trained_objective_mc,0.000229,0.000141,5,0
population,trainable,paper,0,3,trained_risk,0.000000,0.000000,5,0
population,trainable,paper,0,3,trained_risk_mc,0.000216,0.000137,5,0
population,trainable,paper,0,10,L_hat_minus_L_comp,0.000044,0.000089,5,0
population,trainable,paper,0,10,beta_excess_d,0.000033,0.000023,5,0
population,trainable,paper,0,10,clean_class_acc,1.000000,0.000000,5,0
population,trainable,paper,0,10,d_hat,0.000003,0.000002,5,0
population,trainable,paper,0,10,excess_d,0.000003,0.000002,5,0
population,trainable,paper,0,10,kl_total,0.000003,0.000002,5,0
population,trainable,paper,0,10,noisy_label_acc,1.000000,0.000000,5,0
population,trainable,paper,0,10,trained_objective_mc,0.000328,0.000089,5,0
population,trainable,paper,0,10,trained_risk,0.000000,0.000000,5,0
population,trainable,paper,0,10,trained_risk_mc,0.000295,0.000094,5,0
population,trainable,paper,0.1,0.001,L_hat_minus_L_comp,-0.088276,0.003222,5,0
population,trainable,paper,0.1,0.001,beta_excess_d,0.000033,0.000019,5,0
population,trainable,paper,0.1,0.001,clean_class_acc,1.000000,0.000000,5,0
population,trainable,paper,0.1,0.001,d_hat,3.433135,0.018839,5,0
population,trainable,paper,0.1,0.001,excess_d,0.033135,0.018839,5,0
population,trainable,paper,0.1,0.001,kl_total,3.433388,0.018863,5,0
population,trainable,paper,0.1,0.001,noisy_label_acc,0.900000,0.000000,5,0
population,trainable,paper,0.1,0.001,trained_objective_mc,3.102342,0.003222,5,0
population,trainable,paper,0.1,0.001,trained_risk,3.094561,0.004801,5,0
population,trainable,paper,0.1,0.001,trained_risk_mc,3.098908,0.003237,5,0
population,trainable,paper,0.1,0.003,L_hat_minus_L_comp,-0.080863,0.006684,5,0
population,trainable,paper,0.1,0.003,beta_excess_d,0.000076,0.000035,5,0
population,trainable,paper,0.1,0.003,clean_class_acc,1.000000,0.000000,5,0
population,trainable,paper,0.1,0.003,d_hat,3.425361,0.011847,5,0
population,trainable,paper,0.1,0.003,excess_d,0.025361,0.011847,5,0
population,trainable,paper,0.1,0.003,kl_total,3.425599,0.011893,5,0
population,trainable,paper,0.1,0.003,noisy_label_acc,0.900000,0.000000,5,0
population,trainable,paper,0.1,0.003,trained_objective_mc,3.116555,0.006684,5,0
population,trainable,paper,0.1,0.003,trained_risk,3.103117,0.004272,5,0
population,trainable,paper,0.1,0.003,trained_risk_mc,3.106277,0.006710,5,0
population,trainable,paper,0.1,0.01,L_hat_minus_L_comp,-0.072867,0.004159,5,0
population,trainable,paper,0.1,0.01,beta_excess_d,0.000185,0.000063,5,0
population,trainable,paper,0.1,0.01,clean_class_acc,1.000000,0.000000,5,0
population,trainable,paper,0.1,0.01,d_hat,3.418472,0.006280,5,0
population,trainable,paper,0.1,0.01,excess_d,0.018472,0.006280,5,0
population,trainable,paper,0.1,0.01,kl_total,3.418685,0.006317,5,0
population,trainable,paper,0.1,0.01,noisy_label_acc,0.900000,0.000000,5,0
population,trainable,paper,0.1,0.01,trained_objective_mc,3.148350,0.004158,5,0
population,trainable,paper,0.1,0.01,trained_risk,3.111051,0.003435,5,0
population,trainable,paper,0.1,0.01,trained_risk_mc,3.114163,0.004185,5,0
population,trainable,paper,0.1,0.03,L_hat_minus_L_comp,-0.061542,0.005666,5,0
population,trainable,paper,0.1,0.03,beta_excess_d,0.000479,0.000141,5,0
population,trainable,paper,0.1,0.03,clean_class_acc,1.000000,0.000000,5,0
population,trainable,paper,0.1,0.03,d_hat,3.415969,0.004682,5,0
population,trainable,paper,0.1,0.03,excess_d,0.015969,0.004682,5,0
population,trainable,paper,0.1,0.03,kl_total,3.416171,0.004720,5,0
population,trainable,paper,0.1,0.03,noisy_label_acc,0.900000,0.000000,5,0
population,trainable,paper,0.1,0.03,trained_objective_mc,3.227675,0.005666,5,0
population,trainable,paper,0.1,0.03,trained_risk,3.119224,0.003287,5,0
population,trainable,paper,0.1,0.03,trained_risk_mc,3.125190,0.005723,5,0
population,trainable,paper,0.1,0.1,L_hat_minus_L_comp,-0.054535,0.004604,5,0
population,trainable,paper,0.1,0.1,beta_excess_d,0.001104,0.000260,5,0
population,trainable,paper,0.1,0.1,clean_class_acc,1.000000,0.000000,5,0
population,trainable,paper,0.1,0.1,d_hat,3.411037,0.002594,5,0
population,trainable,paper,0.1,0.1,excess_d,0.011037,0.002594,5,0
population,trainable,paper,0.1,0.1,kl_total,3.411242,0.002583,5,0
population,trainable,paper,0.1,0.1,noisy_label_acc,0.900000,0.000000,5,0
population,trainable,paper,0.1,0.1,trained_objective_mc,3.472682,0.004604,5,0
population,trainable,paper,0.1,0.1,trained_risk,3.127557,0.003115,5,0
population,trainable,paper,0.1,0.1,trained_risk_mc,3.131558,0.004710,5,0
population,trainable,paper,0.1,0.3,L_hat_minus_L_comp,-0.048229,0.005300,5,0
population,trainable,paper,0.1,0.3,beta_excess_d,0.002400,0.000463,5,0
population,trainable,paper,0.1,0.3,clean_class_acc,1.000000,0.000000,5,0
population,trainable,paper,0.1,0.3,d_hat,3.408002,0.001543,5,0
population,trainable,paper,0.1,0.3,excess_d,0.008002,0.001543,5,0
population,trainable,paper,0.1,0.3,kl_total,3.408189,0.001496,5,0
population,trainable,paper,0.1,0.3,noisy_label_acc,0.900000,0.000000,5,0
population,trainable,paper,0.1,0.3,trained_objective_mc,4.158989,0.005300,5,0
population,trainable,paper,0.1,0.3,trained_risk,3.135798,0.002996,5,0
population,trainable,paper,0.1,0.3,trained_risk_mc,3.136532,0.005467,5,0
population,trainable,paper,0.1,1,L_hat_minus_L_comp,-0.035328,0.005452,5,0
population,trainable,paper,0.1,1,beta_excess_d,0.006397,0.001086,5,0
population,trainable,paper,0.1,1,clean_class_acc,1.000000,0.000000,5,0
population,trainable,paper,0.1,1,d_hat,3.406397,0.001086,5,0
population,trainable,paper,0.1,1,excess_d,0.006397,0.001086,5,0
population,trainable,paper,0.1,1,kl_total,3.406555,0.001083,5,0
population,trainable,paper,0.1,1,noisy_label_acc,0.900000,0.000000,5,0
population,trainable,paper,0.1,1,trained_objective_mc,6.551890,0.005452,5,0
population,trainable,paper,0.1,1,trained_risk,3.143935,0.002976,5,0
population,trainable,paper,0.1,1,trained_risk_mc,3.145335,0.005417,5,0
population,trainable,paper,0.1,3,L_hat_minus_L_comp,-0.022650,0.003977,5,0
population,trainable,paper,0.1,3,beta_excess_d,0.012917,0.002033,5,0
population,trainable,paper,0.1,3,clean_class_acc,1.000000,0.000000,5,0
population,trainable,paper,0.1,3,d_hat,3.404306,0.000678,5,0
population,trainable,paper,0.1,3,excess_d,0.004306,0.000678,5,0
population,trainable,paper,0.1,3,kl_total,3.404455,0.000657,5,0
population,trainable,paper,0.1,3,noisy_label_acc,0.900000,0.000000,5,0
population,trainable,paper,0.1,3,trained_objective_mc,13.364568,0.003977,5,0
population,trainable,paper,0.1,3,trained_risk,3.152113,0.002998,5,0
population,trainable,paper,0.1,3,trained_risk_mc,3.151204,0.005077,5,0
population,trainable,paper,0.1,10,L_hat_minus_L_comp,-0.002545,0.002437,5,0
population,trainable,paper,0.1,10,beta_excess_d,0.019073,0.000277,5,0
population,trainable,paper,0.1,10,clean_class_acc,1.000000,0.000000,5,0
population,trainable,paper,0.1,10,d_hat,3.401907,0.000028,5,0
population,trainable,paper,0.1,10,excess_d,0.001907,0.000028,5,0
population,trainable,paper,0.1,10,kl_total,3.402042,0.000074,5,0
population,trainable,paper,0.1,10,noisy_label_acc,0.900000,0.000000,5,0
population,trainable,paper,0.1,10,trained_objective_mc,37.184673,0.002437,5,0
population,trainable,paper,0.1,10,trained_risk,3.161708,0.000466,5,0
population,trainable,paper,0.1,10,trained_risk_mc,3.164248,0.002218,5,0
population,trainable,paper,0.2,0.001,L_hat_minus_L_comp,-0.252679,0.012465,5,0
population,trainable,paper,0.2,0.001,beta_excess_d,0.000046,0.000034,5,0
population,trainable,paper,0.2,0.001,clean_class_acc,1.000000,0.000000,5,0
population,trainable,paper,0.2,0.001,d_hat,6.446520,0.034219,5,0
population,trainable,paper,0.2,0.001,excess_d,0.046520,0.034219,5,0
population,trainable,paper,0.2,0.001,kl_total,6.447066,0.034283,5,0
population,trainable,paper,0.2,0.001,noisy_label_acc,0.800000,0.000000,5,0
population,trainable,paper,0.2,0.001,trained_objective_mc,5.351376,0.012465,5,0
population,trainable,paper,0.2,0.001,trained_risk,5.328291,0.017313,5,0
population,trainable,paper,0.2,0.001,trained_risk_mc,5.344930,0.012479,5,0
population,trainable,paper,0.2,0.003,L_hat_minus_L_comp,-0.235096,0.021363,5,0
population,trainable,paper,0.2,0.003,beta_excess_d,0.000113,0.000063,5,0
population,trainable,paper,0.2,0.003,clean_class_acc,1.000000,0.000000,5,0
population,trainable,paper,0.2,0.003,d_hat,6.437677,0.021170,5,0
population,trainable,paper,0.2,0.003,excess_d,0.037677,0.021170,5,0
population,trainable,paper,0.2,0.003,kl_total,6.438207,0.021237,5,0
population,trainable,paper,0.2,0.003,noisy_label_acc,0.800000,0.000000,5,0
population,trainable,paper,0.2,0.003,trained_objective_mc,5.381759,0.021363,5,0
population,trainable,paper,0.2,0.003,trained_risk,5.344324,0.017091,5,0
population,trainable,paper,0.2,0.003,trained_risk_mc,5.362445,0.021397,5,0
population,trainable,paper,0.2,0.01,L_hat_minus_L_comp,-0.212281,0.005785,5,0
population,trainable,paper,0.2,0.01,beta_excess_d,0.000330,0.000165,5,0
population,trainable,paper,0.2,0.01,clean_class_acc,1.000000,0.000000,5,0
population,trainable,paper,0.2,0.01,d_hat,6.432943,0.016493,5,0
population,trainable,paper,0.2,0.01,excess_d,0.032943,0.016493,5,0
population,trainable,paper,0.2,0.01,kl_total,6.433438,0.016544,5,0
population,trainable,paper,0.2,0.01,noisy_label_acc,0.800000,0.000000,5,0
population,trainable,paper,0.2,0.01,trained_objective_mc,5.449374,0.005785,5,0
population,trainable,paper,0.2,0.01,trained_risk,5.365565,0.007405,5,0
population,trainable,paper,0.2,0.01,trained_risk_mc,5.385040,0.005874,5,0
population,trainable,paper,0.2,0.03,L_hat_minus_L_comp,-0.196512,0.009692,5,0
population,trainable,paper,0.2,0.03,beta_excess_d,0.000878,0.000441,5,0
population,trainable,paper,0.2,0.03,clean_class_acc,1.000000,0.000000,5,0
population,trainable,paper,0.2,0.03,d_hat,6.429276,0.014691,5,0
population,trainable,paper,0.2,0.03,excess_d,0.029276,0.014691,5,0
population,trainable,paper,0.2,0.03,kl_total,6.429740,0.014731,5,0
population,trainable,paper,0.2,0.03,noisy_label_acc,0.800000,0.000000,5,0
population,trainable,paper,0.2,0.03,trained_objective_mc,5.593143,0.009692,5,0
population,trainable,paper,0.2,0.03,trained_risk,5.379392,0.005702,5,0
population,trainable,paper,0.2,0.03,trained_risk_mc,5.400251,0.009964,5,0
population,trainable,paper,0.2,0.1,L_hat_minus_L_comp,-0.186431,0.009925,5,0
population,trainable,paper,0.2,0.1,beta_excess_d,0.002291,0.000896,5,0
population,trainable,paper,0.2,0.1,clean_class_acc,1.000000,0.000000,5,0
population,trainable,paper,0.2,0.1,d_hat,6.422908,0.008962,5,0
population,trainable,paper,0.2,0.1,excess_d,0.022908,0.008962,5,0
population,trainable,paper,0.2,0.1,kl_total,6.423317,0.008996,5,0
population,trainable,paper,0.2,0.1,noisy_label_acc,0.800000,0.000000,5,0
population,trainable,paper,0.2,0.1,trained_objective_mc,6.051224,0.009925,5,0
population,trainable,paper,0.2,0.1,trained_risk,5.394040,0.005986,5,0
population,trainable,paper,0.2,0.1,trained_risk_mc,5.408892,0.010468,5,0
population,trainable,paper,0.2,0.3,L_hat_minus_L_comp,-0.171709,0.012826,5,0
population,trainable,paper,0.2,0.3,beta_excess_d,0.005103,0.001229,5,0
population,trainable,paper,0.2,0.3,clean_class_acc,1.000000,0.000000,5,0
population,trainable,paper,0.2,0.3,d_hat,6.417009,0.004096,5,0
population,trainable,paper,0.2,0.3,excess_d,0.017009,0.004096,5,0
population,trainable,paper,0.2,0.3,kl_total,6.417389,0.004105,5,0
population,trainable,paper,0.2,0.3,noisy_label_acc,0.800000,0.000000,5,0
population,trainable,paper,0.2,0.3,trained_objective_mc,7.345946,0.012826,5,0
population,trainable,paper,0.2,0.3,trained_risk,5.409661,0.005515,5,0
population,trainable,paper,0.2,0.3,trained_risk_mc,5.420730,0.013716,5,0
population,trainable,paper,0.2,1,L_hat_minus_L_comp,-0.148317,0.014323,5,0
population,trainable,paper,0.2,1,beta_excess_d,0.012520,0.001970,5,0
population,trainable,paper,0.2,1,clean_class_acc,1.000000,0.000000,5,0
population,trainable,paper,0.2,1,d_hat,6.412520,0.001970,5,0
population,trainable,paper,0.2,1,excess_d,0.012520,0.001970,5,0
population,trainable,paper,0.2,1,kl_total,6.412859,0.001978,5,0
population,trainable,paper,0.2,1,noisy_label_acc,0.800000,0.000000,5,0
population,trainable,paper,0.2,1,trained_objective_mc,11.849338,0.014323,5,0
population,trainable,paper,0.2,1,trained_risk,5.424099,0.004570,5,0
population,trainable,paper,0.2,1,trained_risk_mc,5.436479,0.013826,5,0
population,trainable,paper,0.2,3,L_hat_minus_L_comp,-0.109668,0.009963,5,0
population,trainable,paper,0.2,3,beta_excess_d,0.028174,0.002166,5,0
population,trainable,paper,0.2,3,clean_class_acc,1.000000,0.000000,5,0
population,trainable,paper,0.2,3,d_hat,6.409391,0.000722,5,0
population,trainable,paper,0.2,3,excess_d,0.009391,0.000722,5,0
population,trainable,paper,0.2,3,kl_total,6.409706,0.000736,5,0
population,trainable,paper,0.2,3,noisy_label_acc,0.800000,0.000000,5,0
population,trainable,paper,0.2,3,trained_objective_mc,24.687987,0.009963,5,0
population,trainable,paper,0.2,3,trained_risk,5.438743,0.003920,5,0
population,trainable,paper,0.2,3,trained_risk_mc,5.458870,0.010752,5,0
population,trainable,paper,0.2,10,L_hat_minus_L_comp,-0.054986,0.008490,5,0
population,trainable,paper,0.2,10,beta_excess_d,0.070445,0.001996,5,0
population,trainable,paper,0.2,10,clean_class_acc,1.000000,0.000000,5,0
population,trainable,paper,0.2,10,d_hat,6.407044,0.000200,5,0
population,trainable,paper,0.2,10,excess_d,0.007044,0.000200,5,0
population,trainable,paper,0.2,10,kl_total,6.407334,0.000194,5,0
population,trainable,paper,0.2,10,noisy_label_acc,0.800000,0.000000,5,0
population,trainable,paper,0.2,10,trained_objective_mc,69.542670,0.008490,5,0
population,trainable,paper,0.2,10,trained_risk,5.453886,0.003978,5,0
population,trainable,paper,0.2,10,trained_risk_mc,5.469325,0.009861,5,0
population,trainable,paper,0.4,0.001,L_hat_minus_L_comp,-0.521978,0.016861,5,0
population,trainable,paper,0.4,0.001,beta_excess_d,0.000046,0.000014,5,0
population,trainable,paper,0.4,0.001,clean_class_acc,1.000000,0.000000,5,0
population,trainable,paper,0.4,0.001,d_hat,11.245997,0.013802,5,0
population,trainable,paper,0.4,0.001,excess_d,0.045997,0.013802,5,0
population,trainable,paper,0.4,0.001,kl_total,11.249047,0.014018,5,0
population,trainable,paper,0.4,0.001,noisy_label_acc,0.600000,0.000000,5,0
population,trainable,paper,0.4,0.001,trained_objective_mc,7.680481,0.016860,5,0
population,trainable,paper,0.4,0.001,trained_risk,7.357331,0.006556,5,0
population,trainable,paper,0.4,0.001,trained_risk_mc,7.669232,0.016862,5,0
population,trainable,paper,0.4,0.003,L_hat_minus_L_comp,-0.515703,0.028551,5,0
population,trainable,paper,0.4,0.003,beta_excess_d,0.000122,0.000028,5,0
population,trainable,paper,0.4,0.003,clean_class_acc,1.000000,0.000000,5,0
population,trainable,paper,0.4,0.003,d_hat,11.240866,0.009287,5,0
population,trainable,paper,0.4,0.003,excess_d,0.040866,0.009287,5,0
population,trainable,paper,0.4,0.003,kl_total,11.243777,0.009440,5,0
population,trainable,paper,0.4,0.003,noisy_label_acc,0.600000,0.000000,5,0
population,trainable,paper,0.4,0.003,trained_objective_mc,7.709157,0.028550,5,0
population,trainable,paper,0.4,0.003,trained_risk,7.379633,0.004633,5,0
population,trainable,paper,0.4,0.003,trained_risk_mc,7.675425,0.028551,5,0
population,trainable,paper,0.4,0.01,L_hat_minus_L_comp,-0.488674,0.019266,5,0
population,trainable,paper,0.4,0.01,beta_excess_d,0.000374,0.000060,5,0
population,trainable,paper,0.4,0.01,clean_class_acc,1.000000,0.000000,5,0
population,trainable,paper,0.4,0.01,d_hat,11.237423,0.006032,5,0
population,trainable,paper,0.4,0.01,excess_d,0.037423,0.006032,5,0
population,trainable,paper,0.4,0.01,kl_total,11.240212,0.006180,5,0
population,trainable,paper,0.4,0.01,noisy_label_acc,0.600000,0.000000,5,0
population,trainable,paper,0.4,0.01,trained_objective_mc,7.814586,0.019266,5,0
population,trainable,paper,0.4,0.01,trained_risk,7.399683,0.003611,5,0
population,trainable,paper,0.4,0.01,trained_risk_mc,7.702184,0.019287,5,0
population,trainable,paper,0.4,0.03,L_hat_minus_L_comp,-0.471381,0.013829,5,0
population,trainable,paper,0.4,0.03,beta_excess_d,0.000950,0.000080,5,0
population,trainable,paper,0.4,0.03,clean_class_acc,1.000000,0.000000,5,0
population,trainable,paper,0.4,0.03,d_hat,11.231667,0.002666,5,0
population,trainable,paper,0.4,0.03,excess_d,0.031667,0.002666,5,0
population,trainable,paper,0.4,0.03,kl_total,11.234310,0.002781,5,0
population,trainable,paper,0.4,0.03,noisy_label_acc,0.600000,0.000000,5,0
population,trainable,paper,0.4,0.03,trained_objective_mc,8.055879,0.013829,5,0
population,trainable,paper,0.4,0.03,trained_risk,7.421235,0.007118,5,0
population,trainable,paper,0.4,0.03,trained_risk_mc,7.718850,0.013831,5,0
population,trainable,paper,0.4,0.1,L_hat_minus_L_comp,-0.448757,0.021170,5,0
population,trainable,paper,0.4,0.1,beta_excess_d,0.002734,0.000142,5,0
population,trainable,paper,0.4,0.1,clean_class_acc,1.000000,0.000000,5,0
population,trainable,paper,0.4,0.1,d_hat,11.227337,0.001420,5,0
population,trainable,paper,0.4,0.1,excess_d,0.027337,0.001420,5,0
population,trainable,paper,0.4,0.1,kl_total,11.229829,0.001447,5,0
population,trainable,paper,0.4,0.1,noisy_label_acc,0.600000,0.000000,5,0
population,trainable,paper,0.4,0.1,trained_objective_mc,8.862502,0.021170,5,0
population,trainable,paper,0.4,0.1,trained_risk,7.443925,0.008112,5,0
population,trainable,paper,0.4,0.1,trained_risk_mc,7.739519,0.021135,5,0
population,trainable,paper,0.4,0.3,L_hat_minus_L_comp,-0.428755,0.027421,5,0
population,trainable,paper,0.4,0.3,beta_excess_d,0.007474,0.000382,5,0
population,trainable,paper,0.4,0.3,clean_class_acc,1.000000,0.000000,5,0
population,trainable,paper,0.4,0.3,d_hat,11.224913,0.001275,5,0
population,trainable,paper,0.4,0.3,excess_d,0.024913,0.001275,5,0
population,trainable,paper,0.4,0.3,kl_total,11.227302,0.001258,5,0
population,trainable,paper,0.4,0.3,noisy_label_acc,0.600000,0.000000,5,0
population,trainable,paper,0.4,0.3,trained_objective_mc,11.122504,0.027421,5,0
population,trainable,paper,0.4,0.3,trained_risk,7.467762,0.008404,5,0
population,trainable,paper,0.4,0.3,trained_risk_mc,7.754313,0.027431,5,0
population,trainable,paper,0.4,1,L_hat_minus_L_comp,-0.395146,0.017916,5,0
population,trainable,paper,0.4,1,beta_excess_d,0.022589,0.000968,5,0
population,trainable,paper,0.4,1,clean_class_acc,1.000000,0.000000,5,0
population,trainable,paper,0.4,1,d_hat,11.222589,0.000968,5,0
population,trainable,paper,0.4,1,excess_d,0.022589,0.000968,5,0
population,trainable,paper,0.4,1,kl_total,11.224829,0.001021,5,0
population,trainable,paper,0.4,1,noisy_label_acc,0.600000,0.000000,5,0
population,trainable,paper,0.4,1,trained_objective_mc,18.996114,0.017916,5,0
population,trainable,paper,0.4,1,trained_risk,7.489776,0.008071,5,0
population,trainable,paper,0.4,1,trained_risk_mc,7.771285,0.018211,5,0
population,trainable,paper,0.4,3,L_hat_minus_L_comp,-0.339999,0.020538,5,0
population,trainable,paper,0.4,3,beta_excess_d,0.061264,0.002668,5,0
population,trainable,paper,0.4,3,clean_class_acc,1.000000,0.000000,5,0
population,trainable,paper,0.4,3,d_hat,11.220421,0.000889,5,0
population,trainable,paper,0.4,3,excess_d,0.020421,0.000889,5,0
population,trainable,paper,0.4,3,kl_total,11.222643,0.000914,5,0
population,trainable,paper,0.4,3,noisy_label_acc,0.600000,0.000000,5,0
population,trainable,paper,0.4,3,trained_objective_mc,41.451260,0.020538,5,0
population,trainable,paper,0.4,3,trained_risk,7.510737,0.004923,5,0
population,trainable,paper,0.4,3,trained_risk_mc,7.783332,0.019022,5,0
population,trainable,paper,0.4,10,L_hat_minus_L_comp,-0.193025,0.007514,5,0
population,trainable,paper,0.4,10,beta_excess_d,0.182785,0.003093,5,0
population,trainable,paper,0.4,10,clean_class_acc,1.000000,0.000000,5,0
population,trainable,paper,0.4,10,d_hat,11.218279,0.000309,5,0
population,trainable,paper,0.4,10,excess_d,0.018279,0.000309,5,0
population,trainable,paper,0.4,10,kl_total,11.220361,0.000213,5,0
population,trainable,paper,0.4,10,noisy_label_acc,0.600000,0.000000,5,0
population,trainable,paper,0.4,10,trained_objective_mc,119.998235,0.007514,5,0
population,trainable,paper,0.4,10,trained_risk,7.526000,0.004558,5,0
population,trainable,paper,0.4,10,trained_risk_mc,7.794622,0.008045,5,0
sampled,fixed,paper,0.1,0.001,L_hat_minus_L_comp,-2.576376,0.038032,5,0
sampled,fixed,paper,0.1,0.001,beta_excess_d,0.009579,0.000188,5,0
sampled,fixed,paper,0.1,0.001,clean_class_acc,1.000000,0.000000,5,0
sampled,fixed,paper,0.1,0.001,d_hat,12.979036,0.187626,5,0
sampled,fixed,paper,0.1,0.001,excess_d,9.579036,0.187626,5,0
sampled,fixed,paper,0.1,0.001,kl_total,37.870321,1.552773,5,0
sampled,fixed,paper,0.1,0.001,noisy_label_acc,0.898000,0.006344,5,0
sampled,fixed,paper,0.1,0.001,trained_objective_mc,0.614242,0.038032,5,0
sampled,fixed,paper,0.1,0.001,trained_risk,0.568065,0.036039,5,0
sampled,fixed,paper,0.1,0.001,trained_risk_mc,0.576372,0.039188,5,0
sampled,fixed,paper,0.1,0.003,L_hat_minus_L_comp,-2.506611,0.043427,5,0
sampled,fixed,paper,0.1,0.003,beta_excess_d,0.028530,0.000621,5,0
sampled,fixed,paper,0.1,0.003,clean_class_acc,1.000000,0.000000,5,0
sampled,fixed,paper,0.1,0.003,d_hat,12.910218,0.207159,5,0
sampled,fixed,paper,0.1,0.003,excess_d,9.510218,0.207159,5,0
sampled,fixed,paper,0.1,0.003,kl_total,32.564627,0.705870,5,0
sampled,fixed,paper,0.1,0.003,noisy_label_acc,0.898000,0.006344,5,0
sampled,fixed,paper,0.1,0.003,trained_objective_mc,0.690806,0.043428,5,0
sampled,fixed,paper,0.1,0.003,trained_risk,0.572885,0.039693,5,0
sampled,fixed,paper,0.1,0.003,trained_risk_mc,0.593112,0.045182,5,0
sampled,fixed,paper,0.1,0.01,L_hat_minus_L_comp,-1.394610,0.575092,5,0
sampled,fixed,paper,0.1,0.01,beta_excess_d,0.100707,0.006402,5,0
sampled,fixed,paper,0.1,0.01,clean_class_acc,1.000000,0.000000,5,0
sampled,fixed,paper,0.1,0.01,d_hat,13.470682,0.640208,5,0
sampled,fixed,paper,0.1,0.01,excess_d,10.070682,0.640208,5,0
sampled,fixed,paper,0.1,0.01,kl_total,19.615620,3.993710,5,0
sampled,fixed,paper,0.1,0.01,noisy_label_acc,0.898000,0.006344,5,0
sampled,fixed,paper,0.1,0.01,trained_objective_mc,1.826607,0.575091,5,0
sampled,fixed,paper,0.1,0.01,trained_risk,0.660640,0.063001,5,0
sampled,fixed,paper,0.1,0.01,trained_risk_mc,1.630451,0.614796,5,0
sampled,fixed,paper,0.1,0.03,L_hat_minus_L_comp,-0.717536,0.344455,5,0
sampled,fixed,paper,0.1,0.03,beta_excess_d,0.312229,0.022602,5,0
sampled,fixed,paper,0.1,0.03,clean_class_acc,1.000000,0.000000,5,0
sampled,fixed,paper,0.1,0.03,d_hat,13.807636,0.753400,5,0
sampled,fixed,paper,0.1,0.03,excess_d,10.407636,0.753400,5,0
sampled,fixed,paper,0.1,0.03,kl_total,17.527699,0.861686,5,0
sampled,fixed,paper,0.1,0.03,noisy_label_acc,0.898000,0.006344,5,0
sampled,fixed,paper,0.1,0.03,trained_objective_mc,2.571682,0.344455,5,0
sampled,fixed,paper,0.1,0.03,trained_risk,0.690810,0.016072,5,0
sampled,fixed,paper,0.1,0.03,trained_risk_mc,2.045851,0.356631,5,0
sampled,fixed,paper,0.1,0.1,L_hat_minus_L_comp,-1.167252,0.094848,5,0
sampled,fixed,paper,0.1,0.1,beta_excess_d,0.504265,0.025323,5,0
sampled,fixed,paper,0.1,0.1,clean_class_acc,1.000000,0.000000,5,0
sampled,fixed,paper,0.1,0.1,d_hat,8.442645,0.253232,5,0
sampled,fixed,paper,0.1,0.1,excess_d,5.042645,0.253232,5,0
sampled,fixed,paper,0.1,0.1,kl_total,10.240420,0.407493,5,0
sampled,fixed,paper,0.1,0.1,noisy_label_acc,0.898000,0.006344,5,0
sampled,fixed,paper,0.1,0.1,trained_objective_mc,2.359966,0.094848,5,0
sampled,fixed,paper,0.1,0.1,trained_risk,1.247514,0.087589,5,0
sampled,fixed,paper,0.1,0.1,trained_risk_mc,1.335924,0.085659,5,0
sampled,fixed,paper,0.1,0.3,L_hat_minus_L_comp,-0.489172,0.180023,5,0
sampled,fixed,paper,0.1,0.3,beta_excess_d,0.474617,0.066447,5,0
sampled,fixed,paper,0.1,0.3,clean_class_acc,1.000000,0.000000,5,0
sampled,fixed,paper,0.1,0.3,d_hat,4.982057,0.221491,5,0
sampled,fixed,paper,0.1,0.3,excess_d,1.582057,0.221491,5,0
sampled,fixed,paper,0.1,0.3,kl_total,5.086810,0.237172,5,0
sampled,fixed,paper,0.1,0.3,noisy_label_acc,0.898000,0.006344,5,0
sampled,fixed,paper,0.1,0.3,trained_objective_mc,3.718045,0.180023,5,0
sampled,fixed,paper,0.1,0.3,trained_risk,2.148194,0.135430,5,0
sampled,fixed,paper,0.1,0.3,trained_risk_mc,2.192002,0.135610,5,0
sampled,fixed,paper,0.1,1,L_hat_minus_L_comp,-0.048005,0.358906,5,0
sampled,fixed,paper,0.1,1,beta_excess_d,0.263603,0.182617,5,0
sampled,fixed,paper,0.1,1,clean_class_acc,1.000000,0.000000,5,0
sampled,fixed,paper,0.1,1,d_hat,3.663603,0.182617,5,0
sampled,fixed,paper,0.1,1,excess_d,0.263603,0.182617,5,0
sampled,fixed,paper,0.1,1,kl_total,3.664897,0.182556,5,0
sampled,fixed,paper,0.1,1,noisy_label_acc,0.898000,0.006344,5,0
sampled,fixed,paper,0.1,1,trained_objective_mc,6.539212,0.358906,5,0
sampled,fixed,paper,0.1,1,trained_risk,2.863876,0.182732,5,0
sampled,fixed,paper,0.1,1,trained_risk_mc,2.874315,0.182785,5,0
sampled,fixed,paper,0.1,3,L_hat_minus_L_comp,0.215328,0.783241,5,1
sampled,fixed,paper,0.1,3,beta_excess_d,0.273249,0.588769,5,1
sampled,fixed,paper,0.1,3,clean_class_acc,1.000000,0.000000,5,1
sampled,fixed,paper,0.1,3,d_hat,3.491083,0.196257,5,1
sampled,fixed,paper,0.1,3,excess_d,0.091083,0.196257,5,1
sampled,fixed,paper,0.1,3,kl_total,3.491184,0.196246,5,1
sampled,fixed,paper,0.1,3,noisy_label_acc,0.898000,0.006344,5,1
sampled,fixed,paper,0.1,3,trained_objective_mc,13.602545,0.783241,5,1
sampled,fixed,paper,0.1,3,trained_risk,3.124555,0.196578,5,1
sampled,fixed,paper,0.1,3,trained_risk_mc,3.128993,0.196524,5,1
sampled,fixed,paper,0.1,10,L_hat_minus_L_comp,0.735233,2.215226,5,2
sampled,fixed,paper,0.1,10,beta_excess_d,0.700546,2.014359,5,2
sampled,fixed,paper,0.1,10,clean_class_acc,1.000000,0.000000,5,2
sampled,fixed,paper,0.1,10,d_hat,3.470055,0.201436,5,2
sampled,fixed,paper,0.1,10,excess_d,0.070055,0.201436,5,2
sampled,fixed,paper,0.1,10,kl_total,3.470083,0.201436,5,2
sampled,fixed,paper,0.1,10,noisy_label_acc,0.898000,0.006344,5,2
sampled,fixed,paper,0.1,10,trained_objective_mc,37.922450,2.215226,5,2
sampled,fixed,paper,0.1,10,trained_risk,3.218575,0.202225,5,2
sampled,fixed,paper,0.1,10,trained_risk_mc,3.221620,0.202017,5,2
sampled,fixed,paper,0.2,0.001,L_hat_minus_L_comp,-4.602773,0.031703,5,0
sampled,fixed,paper,0.2,0.001,beta_excess_d,0.007830,0.000703,5,0
sampled,fixed,paper,0.2,0.001,clean_class_acc,1.000000,0.000000,5,0
sampled,fixed,paper,0.2,0.001,d_hat,14.229465,0.703487,5,0
sampled,fixed,paper,0.2,0.001,excess_d,7.829465,0.703487,5,0
sampled,fixed,paper,0.2,0.001,kl_total,42.867872,1.262916,5,0
sampled,fixed,paper,0.2,0.001,noisy_label_acc,0.800000,0.009220,5,0
sampled,fixed,paper,0.2,0.001,trained_objective_mc,1.001283,0.031702,5,0
sampled,fixed,paper,0.2,0.001,trained_risk,0.950303,0.032114,5,0
sampled,fixed,paper,0.2,0.001,trained_risk_mc,0.958415,0.030973,5,0
sampled,fixed,paper,0.2,0.003,L_hat_minus_L_comp,-4.519758,0.046998,5,0
sampled,fixed,paper,0.2,0.003,beta_excess_d,0.023226,0.001083,5,0
sampled,fixed,paper,0.2,0.003,clean_class_acc,1.000000,0.000000,5,0
sampled,fixed,paper,0.2,0.003,d_hat,14.142176,0.360826,5,0
sampled,fixed,paper,0.2,0.003,excess_d,7.742176,0.360826,5,0
sampled,fixed,paper,0.2,0.003,kl_total,36.362641,1.994659,5,0
sampled,fixed,paper,0.2,0.003,noisy_label_acc,0.800000,0.009220,5,0
sampled,fixed,paper,0.2,0.003,trained_objective_mc,1.097097,0.046998,5,0
sampled,fixed,paper,0.2,0.003,trained_risk,0.959855,0.042746,5,0
sampled,fixed,paper,0.2,0.003,trained_risk_mc,0.988010,0.051244,5,0
sampled,fixed,paper,0.2,0.01,L_hat_minus_L_comp,-4.326774,0.062282,5,0
sampled,fixed,paper,0.2,0.01,beta_excess_d,0.073183,0.000838,5,0
sampled,fixed,paper,0.2,0.01,clean_class_acc,1.000000,0.000000,5,0
sampled,fixed,paper,0.2,0.01,d_hat,13.718287,0.083825,5,0
sampled,fixed,paper,0.2,0.01,excess_d,7.318287,0.083825,5,0
sampled,fixed,paper,0.2,0.01,kl_total,30.730060,0.672716,5,0
sampled,fixed,paper,0.2,0.01,noisy_label_acc,0.800000,0.009220,5,0
sampled,fixed,paper,0.2,0.01,trained_objective_mc,1.334881,0.062282,5,0
sampled,fixed,paper,0.2,0.01,trained_risk,0.967633,0.052575,5,0
sampled,fixed,paper,0.2,0.01,trained_risk_mc,1.027580,0.067276,5,0
sampled,fixed,paper,0.2,0.03,L_hat_minus_L_comp,-1.859106,0.512078,5,0
sampled,fixed,paper,0.2,0.03,beta_excess_d,0.258473,0.021600,5,0
sampled,fixed,paper,0.2,0.03,clean_class_acc,1.000000,0.000000,5,0
sampled,fixed,paper,0.2,0.03,d_hat,15.015763,0.719999,5,0
sampled,fixed,paper,0.2,0.03,excess_d,8.615763,0.719999,5,0
sampled,fixed,paper,0.2,0.03,kl_total,17.711212,0.798820,5,0
sampled,fixed,paper,0.2,0.03,noisy_label_acc,0.800000,0.009220,5,0
sampled,fixed,paper,0.2,0.03,trained_objective_mc,3.930550,0.512078,5,0
sampled,fixed,paper,0.2,0.03,trained_risk,1.149384,0.028718,5,0
sampled,fixed,paper,0.2,0.03,trained_risk_mc,3.399213,0.524143,5,0
sampled,fixed,paper,0.2,0.1,L_hat_minus_L_comp,-0.871949,0.412042,5,0
sampled,fixed,paper,0.2,0.1,beta_excess_d,0.825673,0.053837,5,0
sampled,fixed,paper,0.2,0.1,clean_class_acc,0.960400,0.054226,5,0
sampled,fixed,paper,0.2,0.1,d_hat,14.656733,0.538374,5,0
sampled,fixed,paper,0.2,0.1,excess_d,8.256733,0.538374,5,0
sampled,fixed,paper,0.2,0.1,kl_total,16.897132,0.539257,5,0
sampled,fixed,paper,0.2,0.1,noisy_label_acc,0.769000,0.038698,5,0
sampled,fixed,paper,0.2,0.1,trained_objective_mc,5.365706,0.412043,5,0
sampled,fixed,paper,0.2,0.1,trained_risk,1.160676,0.029884,5,0
sampled,fixed,paper,0.2,0.1,trained_risk_mc,3.675993,0.435318,5,0
sampled,fixed,paper,0.2,0.3,L_hat_minus_L_comp,-1.688285,0.161207,5,0
sampled,fixed,paper,0.2,0.3,beta_excess_d,0.852625,0.046215,5,0
sampled,fixed,paper,0.2,0.3,clean_class_acc,1.000000,0.000000,5,0
sampled,fixed,paper,0.2,0.3,d_hat,9.242082,0.154049,5,0
sampled,fixed,paper,0.2,0.3,excess_d,2.842082,0.154049,5,0
sampled,fixed,paper,0.2,0.3,kl_total,10.053252,0.178869,5,0
sampled,fixed,paper,0.2,0.3,noisy_label_acc,0.800000,0.009220,5,0
sampled,fixed,paper,0.2,0.3,trained_objective_mc,5.829370,0.161207,5,0
sampled,fixed,paper,0.2,0.3,trained_risk,2.611548,0.125153,5,0
sampled,fixed,paper,0.2,0.3,trained_risk_mc,2.813395,0.123767,5,0
sampled,fixed,paper,0.2,1,L_hat_minus_L_comp,-0.643973,0.394455,5,0
sampled,fixed,paper,0.2,1,beta_excess_d,0.640309,0.194940,5,0
sampled,fixed,paper,0.2,1,clean_class_acc,1.000000,0.000000,5,0
sampled,fixed,paper,0.2,1,d_hat,7.040309,0.194940,5,0
sampled,fixed,paper,0.2,1,excess_d,0.640309,0.194940,5,0
sampled,fixed,paper,0.2,1,kl_total,7.069557,0.194152,5,0
sampled,fixed,paper,0.2,1,noisy_label_acc,0.800000,0.009220,5,0
sampled,fixed,paper,0.2,1,trained_objective_mc,11.353682,0.394455,5,0
sampled,fixed,paper,0.2,1,trained_risk,4.198039,0.208645,5,0
sampled,fixed,paper,0.2,1,trained_risk_mc,4.284125,0.208713,5,0
sampled,fixed,paper,0.2,3,L_hat_minus_L_comp,-0.190229,0.947595,5,1
sampled,fixed,paper,0.2,3,beta_excess_d,0.311807,0.707638,5,1
sampled,fixed,paper,0.2,3,clean_class_acc,1.000000,0.000000,5,1
sampled,fixed,paper,0.2,3,d_hat,6.503936,0.235879,5,1
sampled,fixed,paper,0.2,3,excess_d,0.103936,0.235879,5,1
sampled,fixed,paper,0.2,3,kl_total,6.504653,0.235751,5,1
sampled,fixed,paper,0.2,3,noisy_label_acc,0.800000,0.009220,5,1
sampled,fixed,paper,0.2,3,trained_objective_mc,24.607427,0.947595,5,1
sampled,fixed,paper,0.2,3,trained_risk,5.060752,0.242491,5,1
sampled,fixed,paper,0.2,3,trained_risk_mc,5.093469,0.243228,5,1
sampled,fixed,paper,0.2,10,L_hat_minus_L_comp,0.037031,2.778713,5,1
sampled,fixed,paper,0.2,10,beta_excess_d,0.200503,2.522655,5,1
sampled,fixed,paper,0.2,10,clean_class_acc,1.000000,0.000000,5,1
sampled,fixed,paper,0.2,10,d_hat,6.420050,0.252266,5,1
sampled,fixed,paper,0.2,10,excess_d,0.020050,0.252266,5,1
sampled,fixed,paper,0.2,10,kl_total,6.420117,0.252257,5,1
sampled,fixed,paper,0.2,10,noisy_label_acc,0.800000,0.009220,5,1
sampled,fixed,paper,0.2,10,trained_objective_mc,69.634686,2.778713,5,1
sampled,fixed,paper,0.2,10,trained_risk,5.415446,0.257827,5,1
sampled,fixed,paper,0.2,10,trained_risk_mc,5.433520,0.258164,5,1
sampled,fixed,paper,0.4,0.001,L_hat_minus_L_comp,-6.595545,0.033066,5,0
sampled,fixed,paper,0.4,0.001,beta_excess_d,0.004450,0.000799,5,0
sampled,fixed,paper,0.4,0.001,clean_class_acc,1.000000,0.000000,5,0
sampled,fixed,paper,0.4,0.001,d_hat,15.649712,0.798607,5,0
sampled,fixed,paper,0.4,0.001,excess_d,4.449712,0.798607,5,0
sampled,fixed,paper,0.4,0.001,kl_total,44.507458,0.942954,5,0
sampled,fixed,paper,0.4,0.001,noisy_label_acc,0.604400,0.012132,5,0
sampled,fixed,paper,0.4,0.001,trained_objective_mc,1.606914,0.033066,5,0
sampled,fixed,paper,0.4,0.001,trained_risk,1.549284,0.032362,5,0
sampled,fixed,paper,0.4,0.001,trained_risk_mc,1.562406,0.032726,5,0
sampled,fixed,paper,0.4,0.003,L_hat_minus_L_comp,-6.502152,0.039087,5,0
sampled,fixed,paper,0.4,0.003,beta_excess_d,0.012439,0.001088,5,0
sampled,fixed,paper,0.4,0.003,clean_class_acc,1.000000,0.000000,5,0
sampled,fixed,paper,0.4,0.003,d_hat,15.346268,0.362474,5,0
sampled,fixed,paper,0.4,0.003,excess_d,4.146268,0.362474,5,0
sampled,fixed,paper,0.4,0.003,kl_total,38.166898,2.446739,5,0
sampled,fixed,paper,0.4,0.003,noisy_label_acc,0.604400,0.012132,5,0
sampled,fixed,paper,0.4,0.003,trained_objective_mc,1.722708,0.039087,5,0
sampled,fixed,paper,0.4,0.003,trained_risk,1.561177,0.033528,5,0
sampled,fixed,paper,0.4,0.003,trained_risk_mc,1.608207,0.041708,5,0
sampled,fixed,paper,0.4,0.01,L_hat_minus_L_comp,-6.245799,0.035163,5,0
sampled,fixed,paper,0.4,0.01,beta_excess_d,0.039973,0.003483,5,0
sampled,fixed,paper,0.4,0.01,clean_class_acc,1.000000,0.000000,5,0
sampled,fixed,paper,0.4,0.01,d_hat,15.197311,0.348283,5,0
sampled,fixed,paper,0.4,0.01,excess_d,3.997311,0.348283,5,0
sampled,fixed,paper,0.4,0.01,kl_total,31.321196,0.961089,5,0
sampled,fixed,paper,0.4,0.01,noisy_label_acc,0.604400,0.012132,5,0
sampled,fixed,paper,0.4,0.01,trained_objective_mc,2.057460,0.035163,5,0
sampled,fixed,paper,0.4,0.01,trained_risk,1.588461,0.034883,5,0
sampled,fixed,paper,0.4,0.01,trained_risk_mc,1.744248,0.033939,5,0
sampled,fixed,paper,0.4,0.03,L_hat_minus_L_comp,-2.826345,0.626112,5,0
sampled,fixed,paper,0.4,0.03,beta_excess_d,0.154058,0.020501,5,0
sampled,fixed,paper,0.4,0.03,clean_class_acc,0.939600,0.055176,5,0
sampled,fixed,paper,0.4,0.03,d_hat,16.335268,0.683357,5,0
sampled,fixed,paper,0.4,0.03,excess_d,5.135268,0.683357,5,0
sampled,fixed,paper,0.4,0.03,kl_total,18.066546,0.639453,5,0
sampled,fixed,paper,0.4,0.03,noisy_label_acc,0.571200,0.026699,5,0
sampled,fixed,paper,0.4,0.03,trained_objective_mc,5.700914,0.626111,5,0
sampled,fixed,paper,0.4,0.03,trained_risk,1.786475,0.053998,5,0
sampled,fixed,paper,0.4,0.03,trained_risk_mc,5.158918,0.632771,5,0
sampled,fixed,paper,0.4,0.1,L_hat_minus_L_comp,-2.124373,0.512294,5,0
sampled,fixed,paper,0.4,0.1,beta_excess_d,0.481271,0.055998,5,0
sampled,fixed,paper,0.4,0.1,clean_class_acc,0.960400,0.054226,5,0
sampled,fixed,paper,0.4,0.1,d_hat,16.012707,0.559978,5,0
sampled,fixed,paper,0.4,0.1,excess_d,4.812707,0.559978,5,0
sampled,fixed,paper,0.4,0.1,kl_total,17.414795,0.408778,5,0
sampled,fixed,paper,0.4,0.1,noisy_label_acc,0.583700,0.034510,5,0
sampled,fixed,paper,0.4,0.1,trained_objective_mc,7.186887,0.512294,5,0
sampled,fixed,paper,0.4,0.1,trained_risk,1.793362,0.057016,5,0
sampled,fixed,paper,0.4,0.1,trained_risk_mc,5.445407,0.517150,5,0
sampled,fixed,paper,0.4,0.3,L_hat_minus_L_comp,-0.898977,0.309375,5,0
sampled,fixed,paper,0.4,0.3,beta_excess_d,1.300549,0.080664,5,0
sampled,fixed,paper,0.4,0.3,clean_class_acc,0.940200,0.089191,5,0
sampled,fixed,paper,0.4,0.3,d_hat,15.535162,0.268882,5,0
sampled,fixed,paper,0.4,0.3,excess_d,4.335162,0.268882,5,0
sampled,fixed,paper,0.4,0.3,kl_total,16.689771,0.247403,5,0
sampled,fixed,paper,0.4,0.3,noisy_label_acc,0.572300,0.053195,5,0
sampled,fixed,paper,0.4,0.3,trained_objective_mc,10.652282,0.309375,5,0
sampled,fixed,paper,0.4,0.3,trained_risk,1.813926,0.065509,5,0
sampled,fixed,paper,0.4,0.3,trained_risk_mc,5.645351,0.331796,5,0
sampled,fixed,paper,0.4,1,L_hat_minus_L_comp,-1.687405,0.298940,5,0
sampled,fixed,paper,0.4,1,beta_excess_d,0.760207,0.169102,5,0
sampled,fixed,paper,0.4,1,clean_class_acc,1.000000,0.000000,5,0
sampled,fixed,paper,0.4,1,d_hat,11.960207,0.169102,5,0
sampled,fixed,paper,0.4,1,excess_d,0.760207,0.169102,5,0
sampled,fixed,paper,0.4,1,kl_total,12.320058,0.180795,5,0
sampled,fixed,paper,0.4,1,noisy_label_acc,0.604400,0.012132,5,0
sampled,fixed,paper,0.4,1,trained_objective_mc,17.703854,0.298940,5,0
sampled,fixed,paper,0.4,1,trained_risk,4.774276,0.119839,5,0
sampled,fixed,paper,0.4,1,trained_risk_mc,5.383796,0.127608,5,0
sampled,fixed,paper,0.4,3,L_hat_minus_L_comp,-0.879721,0.792229,5,0
sampled,fixed,paper,0.4,3,beta_excess_d,0.385807,0.637014,5,0
sampled,fixed,paper,0.4,3,clean_class_acc,1.000000,0.000000,5,0
sampled,fixed,paper,0.4,3,d_hat,11.328602,0.212338,5,0
sampled,fixed,paper,0.4,3,excess_d,0.128602,0.212338,5,0
sampled,fixed,paper,0.4,3,kl_total,11.358834,0.214785,5,0
sampled,fixed,paper,0.4,3,noisy_label_acc,0.604400,0.012132,5,0
sampled,fixed,paper,0.4,3,trained_objective_mc,40.911539,0.792229,5,0
sampled,fixed,paper,0.4,3,trained_risk,6.411307,0.162259,5,0
sampled,fixed,paper,0.4,3,trained_risk_mc,6.835036,0.166123,5,0
sampled,fixed,paper,0.4,10,L_hat_minus_L_comp,-0.959526,2.486242,5,1
sampled,fixed,paper,0.4,10,beta_excess_d,-0.439220,2.319168,5,1
sampled,fixed,paper,0.4,10,clean_class_acc,1.000000,0.000000,5,1
sampled,fixed,paper,0.4,10,d_hat,11.156078,0.231917,5,1
sampled,fixed,paper,0.4,10,excess_d,-0.043922,0.231917,5,1
sampled,fixed,paper,0.4,10,kl_total,11.157765,0.232185,5,1
sampled,fixed,paper,0.4,10,noisy_label_acc,0.604400,0.012132,5,1
sampled,fixed,paper,0.4,10,trained_objective_mc,119.231733,2.486242,5,1
sampled,fixed,paper,0.4,10,trained_risk,7.359745,0.164193,5,1
sampled,fixed,paper,0.4,10,trained_risk_mc,7.654080,0.174230,5,1
