combo,dataset,task,model,beta,anchor,run,I_XZ,I_YZ,I_XZ_given_Y,I_XZ_given_Y_upper,CE,Acc,R2
mnist_mlp_ceb_beta_0.0001,mnist,mnist,ceb,0.0001,,1,5.960577,2.218902,5.786578,67.587863,0.078699,0.983200,
mnist_mlp_ceb_beta_0.0001,mnist,mnist,ceb,0.0001,,2,6.521939,2.232217,6.037680,73.089871,0.065339,0.982400,
mnist_mlp_ceb_beta_0.0001,mnist,mnist,ceb,0.0001,,3,6.350662,2.235552,5.959038,68.635980,0.062114,0.984100,
mnist_mlp_ceb_beta_0.0001,mnist,mnist,ceb,0.0001,,4,5.995075,2.217874,5.833863,66.613097,0.079388,0.981900,
mnist_mlp_ceb_beta_0.0001,mnist,mnist,ceb,0.0001,,5,6.209663,2.227391,5.963513,72.741282,0.070057,0.982500,
mnist_mlp_ceb_beta_0.0005,mnist,mnist,ceb,0.0005,,1,4.467017,2.231606,3.522141,20.313400,0.063024,0.983500,
mnist_mlp_ceb_beta_0.0005,mnist,mnist,ceb,0.0005,,2,4.514757,2.221098,3.515968,20.050348,0.072294,0.982100,
mnist_mlp_ceb_beta_0.0005,mnist,mnist,ceb,0.0005,,3,4.982006,2.223498,3.893763,20.664140,0.068500,0.980600,
mnist_mlp_ceb_beta_0.0005,mnist,mnist,ceb,0.0005,,4,4.374014,2.222822,3.466548,20.462478,0.071157,0.982900,
mnist_mlp_ceb_beta_0.0005,mnist,mnist,ceb,0.0005,,5,4.133237,2.215627,3.261089,20.902660,0.079382,0.983600,
mnist_mlp_ceb_beta_0.001,mnist,mnist,ceb,0.001,,1,4.284741,2.226248,2.939808,13.118979,0.064380,0.981700,
mnist_mlp_ceb_beta_0.001,mnist,mnist,ceb,0.001,,2,3.812888,2.226233,2.459942,12.494605,0.066793,0.985700,
mnist_mlp_ceb_beta_0.001,mnist,mnist,ceb,0.001,,3,4.273467,2.221717,2.997169,14.082251,0.069425,0.982200,
mnist_mlp_ceb_beta_0.001,mnist,mnist,ceb,0.001,,4,4.117835,2.227519,2.804842,12.953994,0.062296,0.982300,
mnist_mlp_ceb_beta_0.001,mnist,mnist,ceb,0.001,,5,4.052563,2.224711,2.768808,13.913577,0.067727,0.983300,
mnist_mlp_ceb_beta_0.005,mnist,mnist,ceb,0.005,,1,3.173320,2.218414,1.286958,5.081302,0.065877,0.981500,
mnist_mlp_ceb_beta_0.005,mnist,mnist,ceb,0.005,,2,3.181722,2.214318,1.257188,5.053414,0.071614,0.982200,
mnist_mlp_ceb_beta_0.005,mnist,mnist,ceb,0.005,,3,3.237832,2.209056,1.369084,5.286893,0.073964,0.981300,
mnist_mlp_ceb_beta_0.005,mnist,mnist,ceb,0.005,,4,2.961347,2.215381,1.068181,4.588973,0.073545,0.985000,
mnist_mlp_ceb_beta_0.005,mnist,mnist,ceb,0.005,,5,3.257834,2.218340,1.382322,5.209953,0.064069,0.982900,
mnist_mlp_ceb_beta_0.01,mnist,mnist,ceb,0.01,,1,2.821643,2.214965,0.836835,3.284096,0.070035,0.984400,
mnist_mlp_ceb_beta_0.01,mnist,mnist,ceb,0.01,,2,2.951807,2.222349,0.921984,3.413856,0.060672,0.984300,
mnist_mlp_ceb_beta_0.01,mnist,mnist,ceb,0.01,,3,2.884532,2.212000,0.891213,3.487828,0.072953,0.985100,
mnist_mlp_ceb_beta_0.01,mnist,mnist,ceb,0.01,,4,2.935458,2.219437,0.927070,3.558059,0.065148,0.984700,
mnist_mlp_ceb_beta_0.01,mnist,mnist,ceb,0.01,,5,2.885358,2.210292,0.892067,3.602583,0.074975,0.982900,
mnist_mlp_ceb_beta_0.05,mnist,mnist,ceb,0.05,,1,2.618335,2.187816,0.498123,1.645481,0.084259,0.981900,
mnist_mlp_ceb_beta_0.05,mnist,mnist,ceb,0.05,,2,2.680123,2.194450,0.547175,1.778192,0.071387,0.981800,
mnist_mlp_ceb_beta_0.05,mnist,mnist,ceb,0.05,,3,2.688944,2.205213,0.559844,1.802147,0.064647,0.982800,
mnist_mlp_ceb_beta_0.05,mnist,mnist,ceb,0.05,,4,2.654729,2.206875,0.536428,1.763174,0.066613,0.984500,
mnist_mlp_ceb_beta_0.05,mnist,mnist,ceb,0.05,,5,2.666432,2.200597,0.545797,1.767166,0.066899,0.982400,
mnist_mlp_ceb_beta_0.1,mnist,mnist,ceb,0.1,,1,2.528565,2.180749,0.396618,1.245654,0.073950,0.982600,
mnist_mlp_ceb_beta_0.1,mnist,mnist,ceb,0.1,,2,2.525365,2.177128,0.388811,1.250372,0.080390,0.981100,
mnist_mlp_ceb_beta_0.1,mnist,mnist,ceb,0.1,,3,2.506471,2.178978,0.372890,1.185976,0.079554,0.982400,
mnist_mlp_ceb_beta_0.1,mnist,mnist,ceb,0.1,,4,2.545643,2.183134,0.411709,1.284581,0.072773,0.981000,
mnist_mlp_ceb_beta_0.1,mnist,mnist,ceb,0.1,,5,2.577187,2.181005,0.455413,1.417630,0.071481,0.980900,
mnist_mlp_ceb_beta_0.5,mnist,mnist,ceb,0.5,,1,0.907156,0.810014,0.084525,0.213973,1.394741,0.410800,
mnist_mlp_ceb_beta_0.5,mnist,mnist,ceb,0.5,,2,2.265673,2.045462,0.229901,0.636871,0.101065,0.976500,
mnist_mlp_ceb_beta_0.5,mnist,mnist,ceb,0.5,,3,2.190612,1.964727,0.222776,0.666113,0.173841,0.969000,
mnist_mlp_ceb_beta_0.5,mnist,mnist,ceb,0.5,,4,2.292778,2.071314,0.252112,0.679745,0.085442,0.977600,
mnist_mlp_ceb_beta_0.5,mnist,mnist,ceb,0.5,,5,2.166605,1.951990,0.223082,0.628676,0.204255,0.965400,
mnist_mlp_ceb_beta_1,mnist,mnist,ceb,1.0,,1,-0.000000,-0.041995,-0.000001,0.000006,2.301848,0.102800,
mnist_mlp_ceb_beta_1,mnist,mnist,ceb,1.0,,2,0.510632,0.473329,0.020623,0.046396,1.700751,0.311900,
mnist_mlp_ceb_beta_1,mnist,mnist,ceb,1.0,,3,0.172891,0.159280,0.004751,0.009981,2.067732,0.215100,
mnist_mlp_ceb_beta_1,mnist,mnist,ceb,1.0,,4,0.593209,0.510438,0.036113,0.080549,1.627884,0.496400,
mnist_mlp_ceb_beta_1,mnist,mnist,ceb,1.0,,5,0.164717,0.151874,0.004964,0.010427,2.078405,0.214700,
mnist_mlp_ceb_beta_10,mnist,mnist,ceb,10.0,,1,-0.000000,-0.042486,-0.000011,-0.000004,2.301929,0.102800,
mnist_mlp_ceb_beta_10,mnist,mnist,ceb,10.0,,2,-0.000000,-0.040294,0.000005,0.000012,2.301493,0.113500,
mnist_mlp_ceb_beta_10,mnist,mnist,ceb,10.0,,3,-0.000000,-0.040299,-0.000008,-0.000001,2.302150,0.101000,
mnist_mlp_ceb_beta_10,mnist,mnist,ceb,10.0,,4,-0.000000,-0.042316,-0.000012,-0.000005,2.301641,0.101000,
mnist_mlp_ceb_beta_10,mnist,mnist,ceb,10.0,,5,-0.000000,-0.042829,-0.000013,-0.000006,2.301539,0.113500,
mnist_mlp_ceb_beta_15,mnist,mnist,ceb,15.0,,1,-0.000000,-0.042510,0.000005,0.000012,2.301932,0.102800,
mnist_mlp_ceb_beta_15,mnist,mnist,ceb,15.0,,2,-0.000000,-0.040315,0.000006,0.000013,2.301494,0.113500,
mnist_mlp_ceb_beta_15,mnist,mnist,ceb,15.0,,3,-0.000000,-0.040323,-0.000007,-0.000000,2.302155,0.101000,
mnist_mlp_ceb_beta_15,mnist,mnist,ceb,15.0,,4,-0.000000,-0.042335,-0.000008,-0.000001,2.301643,0.101000,
mnist_mlp_ceb_beta_15,mnist,mnist,ceb,15.0,,5,-0.000000,-0.042854,0.000012,0.000019,2.301541,0.113500,
mnist_mlp_ceb_beta_20,mnist,mnist,ceb,20.0,,1,-0.000000,-0.042522,0.000009,0.000016,2.301934,0.102800,
mnist_mlp_ceb_beta_20,mnist,mnist,ceb,20.0,,2,-0.000000,-0.040326,-0.000000,0.000006,2.301495,0.113500,
mnist_mlp_ceb_beta_20,mnist,mnist,ceb,20.0,,3,-0.000000,-0.040335,-0.000002,0.000005,2.302158,0.101000,
mnist_mlp_ceb_beta_20,mnist,mnist,ceb,20.0,,4,-0.000000,-0.042344,-0.000003,0.000004,2.301644,0.101000,
mnist_mlp_ceb_beta_20,mnist,mnist,ceb,20.0,,5,-0.000000,-0.042865,0.000003,0.000010,2.301542,0.113500,
mnist_mlp_ceb_beta_25,mnist,mnist,ceb,25.0,,1,-0.000000,-0.042530,0.000009,0.000016,2.301936,0.102800,
mnist_mlp_ceb_beta_25,mnist,mnist,ceb,25.0,,2,-0.000000,-0.040332,0.000004,0.000011,2.301496,0.113500,
mnist_mlp_ceb_beta_25,mnist,mnist,ceb,25.0,,3,-0.000000,-0.040342,-0.000009,-0.000002,2.302159,0.101000,
mnist_mlp_ceb_beta_25,mnist,mnist,ceb,25.0,,4,-0.000000,-0.042350,-0.000003,0.000004,2.301645,0.101000,
mnist_mlp_ceb_beta_25,mnist,mnist,ceb,25.0,,5,-0.000000,-0.042873,-0.000011,-0.000004,2.301542,0.113500,
mnist_mlp_ceb_beta_5,mnist,mnist,ceb,5.0,,1,-0.000000,-0.042413,-0.000018,-0.000011,2.301920,0.102800,
mnist_mlp_ceb_beta_5,mnist,mnist,ceb,5.0,,2,-0.000000,-0.040233,-0.000002,0.000004,2.301488,0.113500,
mnist_mlp_ceb_beta_5,mnist,mnist,ceb,5.0,,3,-0.000000,-0.040227,-0.000000,0.000007,2.302135,0.101000,
mnist_mlp_ceb_beta_5,mnist,mnist,ceb,5.0,,4,-0.000000,-0.042258,0.000001,0.000008,2.301634,0.101000,
mnist_mlp_ceb_beta_5,mnist,mnist,ceb,5.0,,5,-0.000000,-0.042756,-0.000015,-0.000008,2.301532,0.113500,
mnist_mlp_ceb_beta_5e-05,mnist,mnist,ceb,5e-05,,1,7.030869,2.229121,6.603966,143.500894,0.070113,0.981300,
mnist_mlp_ceb_beta_5e-05,mnist,mnist,ceb,5e-05,,2,7.095040,2.222284,6.587813,154.507559,0.076890,0.983200,
mnist_mlp_ceb_beta_5e-05,mnist,mnist,ceb,5e-05,,3,7.135443,2.234356,6.581095,148.636312,0.064785,0.981700,
mnist_mlp_ceb_beta_5e-05,mnist,mnist,ceb,5e-05,,4,7.423208,2.230302,6.695672,179.743708,0.068044,0.980000,
mnist_mlp_ceb_beta_5e-05,mnist,mnist,ceb,5e-05,,5,7.286358,2.221171,6.672528,173.573771,0.076901,0.978100,
mnist_mlp_opb_beta_0.0001_anchor_1,mnist,mnist,opb,0.0001,1,1,7.867627,2.232668,6.895363,7758.616256,0.073232,0.979800,
mnist_mlp_opb_beta_0.0001_anchor_1,mnist,mnist,opb,0.0001,1,2,7.881424,2.238074,6.895554,4301.132339,0.065416,0.980800,
mnist_mlp_opb_beta_0.0001_anchor_1,mnist,mnist,opb,0.0001,1,3,7.886460,2.236261,6.887157,9119.670615,0.072645,0.978800,
mnist_mlp_opb_beta_0.0001_anchor_1,mnist,mnist,opb,0.0001,1,4,7.202483,2.235473,6.863504,21741.954922,0.067170,0.983000,
mnist_mlp_opb_beta_0.0001_anchor_1,mnist,mnist,opb,0.0001,1,5,7.363391,2.235907,6.823099,9883.897240,0.068328,0.982600,
mnist_mlp_opb_beta_0.0001_anchor_12,mnist,mnist,opb,0.0001,12,1,7.798498,2.204296,6.908975,12887.167705,0.093990,0.981400,
mnist_mlp_opb_beta_0.0001_anchor_12,mnist,mnist,opb,0.0001,12,2,7.765445,2.218578,6.908965,12077.917659,0.078005,0.980300,
mnist_mlp_opb_beta_0.0001_anchor_12,mnist,mnist,opb,0.0001,12,3,7.744876,2.220460,6.901480,4697.353738,0.073618,0.980200,
mnist_mlp_opb_beta_0.0001_anchor_12,mnist,mnist,opb,0.0001,12,4,7.848296,2.208521,6.909363,10524.700397,0.091201,0.980100,
mnist_mlp_opb_beta_0.0001_anchor_12,mnist,mnist,opb,0.0001,12,5,7.759821,2.219330,6.908529,6737.428102,0.079742,0.979700,
mnist_mlp_opb_beta_0.0001_anchor_6,mnist,mnist,opb,0.0001,6,1,7.904658,2.224716,6.907195,5987.360324,0.077223,0.979200,
mnist_mlp_opb_beta_0.0001_anchor_6,mnist,mnist,opb,0.0001,6,2,7.890666,2.230556,6.904300,4821.534135,0.068897,0.979700,
mnist_mlp_opb_beta_0.0001_anchor_6,mnist,mnist,opb,0.0001,6,3,7.903402,2.224126,6.908697,12744.776158,0.073273,0.982900,
mnist_mlp_opb_beta_0.0001_anchor_6,mnist,mnist,opb,0.0001,6,4,7.867643,2.221068,6.906148,8576.800189,0.080651,0.982500,
mnist_mlp_opb_beta_0.0001_anchor_6,mnist,mnist,opb,0.0001,6,5,7.666496,2.222064,6.897236,7263.088943,0.081704,0.981300,
mnist_mlp_opb_beta_0.0005_anchor_1,mnist,mnist,opb,0.0005,1,1,6.343534,2.237175,6.090647,509.947136,0.064215,0.981200,
mnist_mlp_opb_beta_0.0005_anchor_1,mnist,mnist,opb,0.0005,1,2,6.109090,2.234968,5.986413,1430.306168,0.065026,0.981100,
mnist_mlp_opb_beta_0.0005_anchor_1,mnist,mnist,opb,0.0005,1,3,5.538906,2.231014,5.474797,1488.308273,0.068905,0.983800,
mnist_mlp_opb_beta_0.0005_anchor_1,mnist,mnist,opb,0.0005,1,4,6.326448,2.232875,6.016788,570.988500,0.067357,0.979900,
mnist_mlp_opb_beta_0.0005_anchor_1,mnist,mnist,opb,0.0005,1,5,5.736375,2.244472,5.592023,948.753577,0.059020,0.984500,
mnist_mlp_opb_beta_0.0005_anchor_12,mnist,mnist,opb,0.0005,12,1,7.592718,2.200582,6.893715,1489.386276,0.098913,0.977800,
mnist_mlp_opb_beta_0.0005_anchor_12,mnist,mnist,opb,0.0005,12,2,7.647388,2.209851,6.852597,1923.277597,0.086344,0.978800,
mnist_mlp_opb_beta_0.0005_anchor_12,mnist,mnist,opb,0.0005,12,3,7.611032,2.212185,6.888909,1700.627767,0.087194,0.978300,
mnist_mlp_opb_beta_0.0005_anchor_12,mnist,mnist,opb,0.0005,12,4,7.615949,2.201673,6.876235,2200.432858,0.096288,0.981800,
mnist_mlp_opb_beta_0.0005_anchor_12,mnist,mnist,opb,0.0005,12,5,7.665743,2.213193,6.904669,2615.805372,0.082613,0.982200,
mnist_mlp_opb_beta_0.0005_anchor_6,mnist,mnist,opb,0.0005,6,1,6.861935,2.206270,6.498937,1531.517191,0.091822,0.981000,
mnist_mlp_opb_beta_0.0005_anchor_6,mnist,mnist,opb,0.0005,6,2,7.575868,2.227067,6.800845,799.035088,0.075064,0.981300,
mnist_mlp_opb_beta_0.0005_anchor_6,mnist,mnist,opb,0.0005,6,3,6.858109,2.215284,6.647800,1474.881011,0.088906,0.980300,
mnist_mlp_opb_beta_0.0005_anchor_6,mnist,mnist,opb,0.0005,6,4,7.045630,2.215961,6.506812,1227.920098,0.085459,0.980400,
mnist_mlp_opb_beta_0.0005_anchor_6,mnist,mnist,opb,0.0005,6,5,7.475549,2.222840,6.751508,627.313621,0.076325,0.981800,
mnist_mlp_opb_beta_0.001_anchor_1,mnist,mnist,opb,0.001,1,1,5.007483,2.229932,4.461988,203.978787,0.067910,0.982400,
mnist_mlp_opb_beta_0.001_anchor_1,mnist,mnist,opb,0.001,1,2,5.611369,2.235150,5.242010,281.506509,0.066499,0.979400,
mnist_mlp_opb_beta_0.001_anchor_1,mnist,mnist,opb,0.001,1,3,5.237034,2.241046,4.886332,269.763690,0.062784,0.981300,
mnist_mlp_opb_beta_0.001_anchor_1,mnist,mnist,opb,0.001,1,4,5.845873,2.235320,5.448385,345.815725,0.064850,0.982000,
mnist_mlp_opb_beta_0.001_anchor_1,mnist,mnist,opb,0.001,1,5,4.917092,2.238664,4.489671,274.653056,0.062881,0.983500,
mnist_mlp_opb_beta_0.001_anchor_12,mnist,mnist,opb,0.001,12,1,6.908212,2.143208,6.586303,1362.488398,0.143479,0.977300,
mnist_mlp_opb_beta_0.001_anchor_12,mnist,mnist,opb,0.001,12,2,7.290072,2.191559,6.718962,650.211034,0.100322,0.978600,
mnist_mlp_opb_beta_0.001_anchor_12,mnist,mnist,opb,0.001,12,3,7.299202,2.203013,6.696377,754.985360,0.091354,0.981700,
mnist_mlp_opb_beta_0.001_anchor_12,mnist,mnist,opb,0.001,12,4,7.183908,2.195139,6.585893,429.356708,0.095974,0.980800,
mnist_mlp_opb_beta_0.001_anchor_12,mnist,mnist,opb,0.001,12,5,6.734042,2.162482,6.587336,3018.077557,0.128879,0.980800,
mnist_mlp_opb_beta_0.001_anchor_6,mnist,mnist,opb,0.001,6,1,4.909817,2.210096,5.102582,1602.260369,0.088102,0.982400,
mnist_mlp_opb_beta_0.001_anchor_6,mnist,mnist,opb,0.001,6,2,5.555646,2.210065,5.765651,2082.046968,0.088097,0.983000,
mnist_mlp_opb_beta_0.001_anchor_6,mnist,mnist,opb,0.001,6,3,5.459239,2.208904,5.694566,2219.463618,0.090603,0.982100,
mnist_mlp_opb_beta_0.001_anchor_6,mnist,mnist,opb,0.001,6,4,6.744012,2.225396,6.190767,286.470036,0.073165,0.981500,
mnist_mlp_opb_beta_0.001_anchor_6,mnist,mnist,opb,0.001,6,5,6.035170,2.209313,5.867117,577.358236,0.089785,0.978900,
mnist_mlp_opb_beta_0.005_anchor_1,mnist,mnist,opb,0.005,1,1,4.151723,2.227056,2.909375,32.682053,0.069165,0.978700,
mnist_mlp_opb_beta_0.005_anchor_1,mnist,mnist,opb,0.005,1,2,3.696723,2.231633,2.311715,23.388538,0.062844,0.983000,
mnist_mlp_opb_beta_0.005_anchor_1,mnist,mnist,opb,0.005,1,3,3.752584,2.228785,2.349198,22.058063,0.065338,0.981200,
mnist_mlp_opb_beta_0.005_anchor_1,mnist,mnist,opb,0.005,1,4,3.773338,2.232292,2.494505,32.022195,0.064369,0.982800,
mnist_mlp_opb_beta_0.005_anchor_1,mnist,mnist,opb,0.005,1,5,3.893108,2.232932,2.599869,29.812345,0.063842,0.981200,
mnist_mlp_opb_beta_0.005_anchor_12,mnist,mnist,opb,0.005,12,1,5.256540,2.074186,5.290582,761.035592,0.216607,0.979200,
mnist_mlp_opb_beta_0.005_anchor_12,mnist,mnist,opb,0.005,12,2,5.837144,2.125517,5.480171,218.222684,0.154437,0.975500,
mnist_mlp_opb_beta_0.005_anchor_12,mnist,mnist,opb,0.005,12,3,6.050414,2.151917,5.876746,333.170574,0.135042,0.980000,
mnist_mlp_opb_beta_0.005_anchor_12,mnist,mnist,opb,0.005,12,4,6.078112,2.123409,5.858468,288.767773,0.161296,0.977000,
mnist_mlp_opb_beta_0.005_anchor_12,mnist,mnist,opb,0.005,12,5,5.381324,2.103774,5.301038,804.428966,0.189714,0.981700,
mnist_mlp_opb_beta_0.005_anchor_6,mnist,mnist,opb,0.005,6,1,3.686609,2.198951,2.487894,29.477968,0.087926,0.984300,
mnist_mlp_opb_beta_0.005_anchor_6,mnist,mnist,opb,0.005,6,2,4.077228,2.204795,3.142027,59.665493,0.082564,0.982800,
mnist_mlp_opb_beta_0.005_anchor_6,mnist,mnist,opb,0.005,6,3,3.649609,2.200005,2.459251,30.365205,0.092077,0.984300,
mnist_mlp_opb_beta_0.005_anchor_6,mnist,mnist,opb,0.005,6,4,3.564781,2.194478,2.325131,29.774934,0.094996,0.982600,
mnist_mlp_opb_beta_0.005_anchor_6,mnist,mnist,opb,0.005,6,5,3.642533,2.200343,2.429179,30.915201,0.091592,0.984000,
mnist_mlp_opb_beta_0.01_anchor_1,mnist,mnist,opb,0.01,1,1,3.136313,2.221347,1.388476,8.444969,0.065977,0.982200,
mnist_mlp_opb_beta_0.01_anchor_1,mnist,mnist,opb,0.01,1,2,3.438580,2.217380,1.796022,11.853128,0.069327,0.981300,
mnist_mlp_opb_beta_0.01_anchor_1,mnist,mnist,opb,0.01,1,3,3.383734,2.226309,1.747694,12.048784,0.065031,0.981200,
mnist_mlp_opb_beta_0.01_anchor_1,mnist,mnist,opb,0.01,1,4,3.556174,2.222949,1.951777,14.358442,0.067046,0.981600,
mnist_mlp_opb_beta_0.01_anchor_1,mnist,mnist,opb,0.01,1,5,3.153702,2.230184,1.454464,9.593135,0.061490,0.984000,
mnist_mlp_opb_beta_0.01_anchor_12,mnist,mnist,opb,0.01,12,1,4.538710,2.054822,3.661855,116.915526,0.218009,0.981400,
mnist_mlp_opb_beta_0.01_anchor_12,mnist,mnist,opb,0.01,12,2,4.090467,2.080766,2.986152,52.060130,0.197613,0.983400,
mnist_mlp_opb_beta_0.01_anchor_12,mnist,mnist,opb,0.01,12,3,3.610118,2.080179,2.121698,20.564827,0.200835,0.983100,
mnist_mlp_opb_beta_0.01_anchor_12,mnist,mnist,opb,0.01,12,4,5.405081,2.052110,5.189879,379.445498,0.217567,0.978600,
mnist_mlp_opb_beta_0.01_anchor_12,mnist,mnist,opb,0.01,12,5,3.907803,2.063453,2.581139,32.424157,0.216553,0.983100,
mnist_mlp_opb_beta_0.01_anchor_6,mnist,mnist,opb,0.01,6,1,3.923097,2.182453,2.761460,36.242950,0.099485,0.981800,
mnist_mlp_opb_beta_0.01_anchor_6,mnist,mnist,opb,0.01,6,2,3.555113,2.199209,2.079394,18.654787,0.086289,0.983300,
mnist_mlp_opb_beta_0.01_anchor_6,mnist,mnist,opb,0.01,6,3,3.483498,2.194496,1.945540,16.011268,0.091638,0.984400,
mnist_mlp_opb_beta_0.01_anchor_6,mnist,mnist,opb,0.01,6,4,3.757959,2.191786,2.403575,27.544571,0.092751,0.983400,
mnist_mlp_opb_beta_0.01_anchor_6,mnist,mnist,opb,0.01,6,5,3.604218,2.197689,2.165680,20.050299,0.086669,0.982400,
mnist_mlp_opb_beta_0.05_anchor_1,mnist,mnist,opb,0.05,1,1,2.640530,2.192230,0.573313,2.010455,0.071779,0.981200,
mnist_mlp_opb_beta_0.05_anchor_1,mnist,mnist,opb,0.05,1,2,2.766555,2.205677,0.748429,3.010474,0.066749,0.981800,
mnist_mlp_opb_beta_0.05_anchor_1,mnist,mnist,opb,0.05,1,3,2.741458,2.194300,0.715748,2.713173,0.070390,0.982400,
mnist_mlp_opb_beta_0.05_anchor_1,mnist,mnist,opb,0.05,1,4,2.666075,2.195861,0.602491,2.167927,0.068369,0.981200,
mnist_mlp_opb_beta_0.05_anchor_1,mnist,mnist,opb,0.05,1,5,2.705055,2.175053,0.674319,2.453472,0.079298,0.980500,
mnist_mlp_opb_beta_0.05_anchor_12,mnist,mnist,opb,0.05,12,1,2.626859,2.139370,0.639355,2.616122,0.128866,0.984200,
mnist_mlp_opb_beta_0.05_anchor_12,mnist,mnist,opb,0.05,12,2,2.801267,2.106591,0.817693,3.683141,0.158729,0.984300,
mnist_mlp_opb_beta_0.05_anchor_12,mnist,mnist,opb,0.05,12,3,2.797330,2.093508,0.805110,3.605924,0.172747,0.983300,
mnist_mlp_opb_beta_0.05_anchor_12,mnist,mnist,opb,0.05,12,4,3.043658,2.052596,1.094905,5.486829,0.211495,0.984900,
mnist_mlp_opb_beta_0.05_anchor_12,mnist,mnist,opb,0.05,12,5,2.609213,2.160695,0.599023,2.336434,0.112759,0.985300,
mnist_mlp_opb_beta_0.05_anchor_6,mnist,mnist,opb,0.05,6,1,2.760575,2.166776,0.735677,2.775990,0.101316,0.984600,
mnist_mlp_opb_beta_0.05_anchor_6,mnist,mnist,opb,0.05,6,2,2.690606,2.170242,0.655974,2.465986,0.089281,0.984200,
mnist_mlp_opb_beta_0.05_anchor_6,mnist,mnist,opb,0.05,6,3,2.904469,2.159200,0.934407,3.848482,0.105125,0.982400,
mnist_mlp_opb_beta_0.05_anchor_6,mnist,mnist,opb,0.05,6,4,2.846800,2.166097,0.847684,3.408777,0.100683,0.983300,
mnist_mlp_opb_beta_0.05_anchor_6,mnist,mnist,opb,0.05,6,5,2.810595,2.161654,0.797480,3.180739,0.096314,0.983300,
mnist_mlp_opb_beta_0.1_anchor_1,mnist,mnist,opb,0.1,1,1,2.531604,2.178274,0.440381,1.413328,0.070366,0.981200,
mnist_mlp_opb_beta_0.1_anchor_1,mnist,mnist,opb,0.1,1,2,2.539378,2.161193,0.460905,1.476620,0.074211,0.981400,
mnist_mlp_opb_beta_0.1_anchor_1,mnist,mnist,opb,0.1,1,3,2.570274,2.152991,0.506141,1.687166,0.085714,0.979800,
mnist_mlp_opb_beta_0.1_anchor_1,mnist,mnist,opb,0.1,1,4,2.559973,2.134532,0.495545,1.628993,0.092984,0.979800,
mnist_mlp_opb_beta_0.1_anchor_1,mnist,mnist,opb,0.1,1,5,2.542300,2.156448,0.469588,1.497854,0.079235,0.981000,
mnist_mlp_opb_beta_0.1_anchor_12,mnist,mnist,opb,0.1,12,1,2.530453,2.148755,0.466058,1.672633,0.112511,0.985100,
mnist_mlp_opb_beta_0.1_anchor_12,mnist,mnist,opb,0.1,12,2,2.695472,2.084916,0.635040,2.508511,0.178516,0.985300,
mnist_mlp_opb_beta_0.1_anchor_12,mnist,mnist,opb,0.1,12,3,2.821612,2.055356,0.763058,3.181056,0.207883,0.984400,
mnist_mlp_opb_beta_0.1_anchor_12,mnist,mnist,opb,0.1,12,4,2.909019,2.028393,0.883385,3.865222,0.231115,0.983200,
mnist_mlp_opb_beta_0.1_anchor_12,mnist,mnist,opb,0.1,12,5,2.719036,2.098344,0.652796,2.562065,0.165064,0.984200,
mnist_mlp_opb_beta_0.1_anchor_6,mnist,mnist,opb,0.1,6,1,2.686308,2.146950,0.608770,2.120577,0.105465,0.983500,
mnist_mlp_opb_beta_0.1_anchor_6,mnist,mnist,opb,0.1,6,2,2.666958,2.151776,0.604824,2.104096,0.099618,0.983300,
mnist_mlp_opb_beta_0.1_anchor_6,mnist,mnist,opb,0.1,6,3,2.761580,2.154417,0.702636,2.477522,0.095480,0.983600,
mnist_mlp_opb_beta_0.1_anchor_6,mnist,mnist,opb,0.1,6,4,2.528122,2.158253,0.445255,1.436996,0.087223,0.984300,
mnist_mlp_opb_beta_0.1_anchor_6,mnist,mnist,opb,0.1,6,5,2.546063,2.161161,0.482587,1.667886,0.102127,0.984900,
mnist_mlp_opb_beta_0.5_anchor_1,mnist,mnist,opb,0.5,1,1,1.993153,1.852292,0.205493,0.497332,0.185691,0.977800,
mnist_mlp_opb_beta_0.5_anchor_1,mnist,mnist,opb,0.5,1,2,2.027314,1.916517,0.211751,0.525601,0.146191,0.978800,
mnist_mlp_opb_beta_0.5_anchor_1,mnist,mnist,opb,0.5,1,3,1.994081,1.835599,0.203348,0.495399,0.195283,0.977200,
mnist_mlp_opb_beta_0.5_anchor_1,mnist,mnist,opb,0.5,1,4,1.986392,1.762493,0.214982,0.525694,0.261462,0.975400,
mnist_mlp_opb_beta_0.5_anchor_1,mnist,mnist,opb,0.5,1,5,2.067257,1.887273,0.218226,0.539617,0.170176,0.978600,
mnist_mlp_opb_beta_0.5_anchor_12,mnist,mnist,opb,0.5,12,1,2.602592,2.071290,0.510085,1.834134,0.181565,0.986000,
mnist_mlp_opb_beta_0.5_anchor_12,mnist,mnist,opb,0.5,12,2,2.450381,2.118619,0.341360,1.113370,0.123746,0.985100,
mnist_mlp_opb_beta_0.5_anchor_12,mnist,mnist,opb,0.5,12,3,2.460862,2.110585,0.357928,1.162847,0.136969,0.985300,
mnist_mlp_opb_beta_0.5_anchor_12,mnist,mnist,opb,0.5,12,4,2.748425,1.991767,0.658396,2.617546,0.261187,0.985500,
mnist_mlp_opb_beta_0.5_anchor_12,mnist,mnist,opb,0.5,12,5,2.547216,2.087310,0.425302,1.482453,0.166238,0.985900,
mnist_mlp_opb_beta_0.5_anchor_6,mnist,mnist,opb,0.5,6,1,2.404026,2.129155,0.295518,0.828658,0.089508,0.984100,
mnist_mlp_opb_beta_0.5_anchor_6,mnist,mnist,opb,0.5,6,2,2.403735,2.133654,0.298616,0.851133,0.090641,0.984800,
mnist_mlp_opb_beta_0.5_anchor_6,mnist,mnist,opb,0.5,6,3,2.383199,2.133106,0.288901,0.820600,0.089956,0.983100,
mnist_mlp_opb_beta_0.5_anchor_6,mnist,mnist,opb,0.5,6,4,2.395712,2.139885,0.279430,0.779489,0.084506,0.985200,
mnist_mlp_opb_beta_0.5_anchor_6,mnist,mnist,opb,0.5,6,5,2.427078,2.129888,0.320352,0.914174,0.096226,0.983000,
mnist_mlp_opb_beta_10_anchor_1,mnist,mnist,opb,10.0,1,1,0.168670,0.187002,0.008002,0.016780,1.975258,0.978400,
mnist_mlp_opb_beta_10_anchor_1,mnist,mnist,opb,10.0,1,2,0.227493,0.255611,0.011662,0.024919,1.888721,0.978900,
mnist_mlp_opb_beta_10_anchor_1,mnist,mnist,opb,10.0,1,3,0.291418,0.312558,0.018120,0.037150,1.707691,0.975300,
mnist_mlp_opb_beta_10_anchor_1,mnist,mnist,opb,10.0,1,4,0.356966,0.379801,0.022594,0.046413,1.609046,0.976300,
mnist_mlp_opb_beta_10_anchor_1,mnist,mnist,opb,10.0,1,5,0.252719,0.279132,0.012875,0.026527,1.813511,0.978500,
mnist_mlp_opb_beta_10_anchor_12,mnist,mnist,opb,10.0,12,1,1.984039,1.917661,0.136917,0.332773,0.062599,0.984000,
mnist_mlp_opb_beta_10_anchor_12,mnist,mnist,opb,10.0,12,2,2.120723,2.012239,0.172468,0.432319,0.068151,0.984300,
mnist_mlp_opb_beta_10_anchor_12,mnist,mnist,opb,10.0,12,3,2.398241,2.095802,0.292176,0.844438,0.115970,0.984200,
mnist_mlp_opb_beta_10_anchor_12,mnist,mnist,opb,10.0,12,4,2.390761,2.099821,0.300542,0.884407,0.118561,0.982500,
mnist_mlp_opb_beta_10_anchor_12,mnist,mnist,opb,10.0,12,5,2.330487,2.092642,0.255638,0.716885,0.104841,0.983000,
mnist_mlp_opb_beta_10_anchor_6,mnist,mnist,opb,10.0,6,1,2.227086,2.032851,0.210604,0.533711,0.083284,0.982800,
mnist_mlp_opb_beta_10_anchor_6,mnist,mnist,opb,10.0,6,2,2.379629,2.058167,0.291212,0.805598,0.119010,0.980500,
mnist_mlp_opb_beta_10_anchor_6,mnist,mnist,opb,10.0,6,3,2.374166,2.069822,0.274725,0.741571,0.103592,0.983000,
mnist_mlp_opb_beta_10_anchor_6,mnist,mnist,opb,10.0,6,4,2.375620,2.069637,0.277936,0.748589,0.102358,0.983600,
mnist_mlp_opb_beta_10_anchor_6,mnist,mnist,opb,10.0,6,5,2.379909,2.069328,0.293655,0.806900,0.113230,0.982000,
mnist_mlp_opb_beta_15_anchor_1,mnist,mnist,opb,15.0,1,1,0.119336,0.129371,0.005870,0.012076,2.049975,0.970300,
mnist_mlp_opb_beta_15_anchor_1,mnist,mnist,opb,15.0,1,2,0.159782,0.176619,0.008241,0.017064,1.971967,0.978100,
mnist_mlp_opb_beta_15_anchor_1,mnist,mnist,opb,15.0,1,3,0.225037,0.243606,0.012392,0.025633,1.831311,0.978700,
mnist_mlp_opb_beta_15_anchor_1,mnist,mnist,opb,15.0,1,4,0.298619,0.322199,0.017224,0.035292,1.709186,0.977100,
mnist_mlp_opb_beta_15_anchor_1,mnist,mnist,opb,15.0,1,5,0.182851,0.200949,0.009099,0.018981,1.934772,0.979800,
mnist_mlp_opb_beta_15_anchor_12,mnist,mnist,opb,15.0,12,1,2.310883,2.099507,0.234750,0.630153,0.086990,0.983700,
mnist_mlp_opb_beta_15_anchor_12,mnist,mnist,opb,15.0,12,2,2.287857,2.086841,0.230613,0.614841,0.087644,0.984900,
mnist_mlp_opb_beta_15_anchor_12,mnist,mnist,opb,15.0,12,3,2.299031,2.098992,0.228753,0.622701,0.081647,0.984400,
mnist_mlp_opb_beta_15_anchor_12,mnist,mnist,opb,15.0,12,4,1.819515,1.780992,0.111910,0.266800,0.079497,0.983000,
mnist_mlp_opb_beta_15_anchor_12,mnist,mnist,opb,15.0,12,5,2.373522,2.093477,0.283458,0.813864,0.112059,0.984000,
mnist_mlp_opb_beta_15_anchor_6,mnist,mnist,opb,15.0,6,1,2.338047,2.065176,0.263732,0.707280,0.103453,0.982300,
mnist_mlp_opb_beta_15_anchor_6,mnist,mnist,opb,15.0,6,2,2.349661,2.053216,0.275441,0.749294,0.113265,0.980700,
mnist_mlp_opb_beta_15_anchor_6,mnist,mnist,opb,15.0,6,3,2.354684,2.062403,0.266664,0.712717,0.099649,0.982500,
mnist_mlp_opb_beta_15_anchor_6,mnist,mnist,opb,15.0,6,4,2.395415,2.067957,0.292466,0.805864,0.112924,0.981500,
mnist_mlp_opb_beta_15_anchor_6,mnist,mnist,opb,15.0,6,5,2.360419,2.063950,0.280859,0.760670,0.110820,0.980400,
mnist_mlp_opb_beta_1_anchor_1,mnist,mnist,opb,1.0,1,1,1.416619,1.552347,0.132684,0.298039,0.469288,0.975100,
mnist_mlp_opb_beta_1_anchor_1,mnist,mnist,opb,1.0,1,2,1.371579,1.435915,0.118041,0.259609,0.539866,0.977100,
mnist_mlp_opb_beta_1_anchor_1,mnist,mnist,opb,1.0,1,3,1.385641,1.493975,0.124826,0.279721,0.481069,0.976500,
mnist_mlp_opb_beta_1_anchor_1,mnist,mnist,opb,1.0,1,4,1.256454,1.209878,0.111522,0.242350,0.721527,0.974500,
mnist_mlp_opb_beta_1_anchor_1,mnist,mnist,opb,1.0,1,5,1.617414,1.878488,0.173500,0.416276,0.217247,0.978700,
mnist_mlp_opb_beta_1_anchor_12,mnist,mnist,opb,1.0,12,1,2.503332,2.080616,0.387134,1.257768,0.161577,0.983700,
mnist_mlp_opb_beta_1_anchor_12,mnist,mnist,opb,1.0,12,2,2.544403,2.067232,0.423329,1.438645,0.178906,0.984200,
mnist_mlp_opb_beta_1_anchor_12,mnist,mnist,opb,1.0,12,3,2.331843,2.125073,0.237872,0.665834,0.081990,0.985300,
mnist_mlp_opb_beta_1_anchor_12,mnist,mnist,opb,1.0,12,4,2.403513,2.113429,0.305072,0.921627,0.114609,0.983600,
mnist_mlp_opb_beta_1_anchor_12,mnist,mnist,opb,1.0,12,5,2.429599,2.108730,0.310428,0.951669,0.121738,0.984400,
mnist_mlp_opb_beta_1_anchor_6,mnist,mnist,opb,1.0,6,1,2.398528,2.116820,0.284309,0.782261,0.097363,0.983800,
mnist_mlp_opb_beta_1_anchor_6,mnist,mnist,opb,1.0,6,2,2.409386,2.107082,0.301964,0.837458,0.097337,0.983800,
mnist_mlp_opb_beta_1_anchor_6,mnist,mnist,opb,1.0,6,3,2.420947,2.114559,0.305418,0.848466,0.094393,0.983400,
mnist_mlp_opb_beta_1_anchor_6,mnist,mnist,opb,1.0,6,4,2.409348,2.117152,0.291767,0.809949,0.092228,0.985100,
mnist_mlp_opb_beta_1_anchor_6,mnist,mnist,opb,1.0,6,5,2.364974,2.116629,0.265168,0.724906,0.085837,0.983800,
mnist_mlp_opb_beta_20_anchor_1,mnist,mnist,opb,20.0,1,1,0.093956,0.097258,0.004805,0.009792,2.081680,0.973500,
mnist_mlp_opb_beta_20_anchor_1,mnist,mnist,opb,20.0,1,2,0.159039,0.174805,0.008839,0.018149,1.951633,0.977800,
mnist_mlp_opb_beta_20_anchor_1,mnist,mnist,opb,20.0,1,3,0.205650,0.220038,0.011381,0.023194,1.860904,0.978200,
mnist_mlp_opb_beta_20_anchor_1,mnist,mnist,opb,20.0,1,4,0.270848,0.287558,0.016152,0.032828,1.739649,0.977500,
mnist_mlp_opb_beta_20_anchor_1,mnist,mnist,opb,20.0,1,5,0.137645,0.149650,0.006815,0.014199,2.010288,0.980000,
mnist_mlp_opb_beta_20_anchor_12,mnist,mnist,opb,20.0,12,1,2.234520,2.075016,0.202314,0.520529,0.073396,0.984400,
mnist_mlp_opb_beta_20_anchor_12,mnist,mnist,opb,20.0,12,2,2.280515,2.081809,0.231072,0.617382,0.090193,0.984000,
mnist_mlp_opb_beta_20_anchor_12,mnist,mnist,opb,20.0,12,3,2.403248,2.090558,0.291866,0.846812,0.115395,0.983000,
mnist_mlp_opb_beta_20_anchor_12,mnist,mnist,opb,20.0,12,4,2.037817,1.952575,0.161841,0.399595,0.069516,0.982500,
mnist_mlp_opb_beta_20_anchor_12,mnist,mnist,opb,20.0,12,5,1.902554,1.845453,0.127305,0.302164,0.073192,0.984000,
mnist_mlp_opb_beta_20_anchor_6,mnist,mnist,opb,20.0,6,1,1.709372,1.659801,0.103909,0.239768,0.095557,0.983600,
mnist_mlp_opb_beta_20_anchor_6,mnist,mnist,opb,20.0,6,2,2.278521,2.046333,0.232236,0.599861,0.094556,0.980900,
mnist_mlp_opb_beta_20_anchor_6,mnist,mnist,opb,20.0,6,3,2.343977,2.065040,0.260513,0.691000,0.098560,0.981800,
mnist_mlp_opb_beta_20_anchor_6,mnist,mnist,opb,20.0,6,4,2.381725,2.063199,0.285325,0.778102,0.113343,0.981300,
mnist_mlp_opb_beta_20_anchor_6,mnist,mnist,opb,20.0,6,5,2.342297,2.064198,0.269024,0.715200,0.103118,0.982100,
mnist_mlp_opb_beta_25_anchor_1,mnist,mnist,opb,25.0,1,1,0.097667,0.100897,0.005344,0.010881,2.064045,0.972800,
mnist_mlp_opb_beta_25_anchor_1,mnist,mnist,opb,25.0,1,2,0.123466,0.137418,0.006658,0.013705,2.017930,0.978200,
mnist_mlp_opb_beta_25_anchor_1,mnist,mnist,opb,25.0,1,3,0.173664,0.189343,0.009118,0.018832,1.927131,0.979000,
mnist_mlp_opb_beta_25_anchor_1,mnist,mnist,opb,25.0,1,4,0.254050,0.267076,0.015303,0.031115,1.764577,0.977200,
mnist_mlp_opb_beta_25_anchor_1,mnist,mnist,opb,25.0,1,5,0.143195,0.153478,0.007510,0.015456,1.984902,0.979100,
mnist_mlp_opb_beta_25_anchor_12,mnist,mnist,opb,25.0,12,1,2.160600,2.030416,0.183977,0.467988,0.070062,0.983300,
mnist_mlp_opb_beta_25_anchor_12,mnist,mnist,opb,25.0,12,2,2.102221,1.997503,0.171009,0.430067,0.065757,0.984500,
mnist_mlp_opb_beta_25_anchor_12,mnist,mnist,opb,25.0,12,3,2.368812,2.098541,0.267805,0.755528,0.104953,0.983700,
mnist_mlp_opb_beta_25_anchor_12,mnist,mnist,opb,25.0,12,4,1.973762,1.905182,0.148483,0.358484,0.068674,0.982800,
mnist_mlp_opb_beta_25_anchor_12,mnist,mnist,opb,25.0,12,5,2.308271,2.087852,0.242133,0.661376,0.096476,0.984400,
mnist_mlp_opb_beta_25_anchor_6,mnist,mnist,opb,25.0,6,1,2.168341,1.996663,0.194337,0.483643,0.078288,0.982000,
mnist_mlp_opb_beta_25_anchor_6,mnist,mnist,opb,25.0,6,2,2.272124,2.039805,0.232217,0.600088,0.094433,0.980300,
mnist_mlp_opb_beta_25_anchor_6,mnist,mnist,opb,25.0,6,3,2.377789,2.071696,0.280170,0.761498,0.107825,0.982300,
mnist_mlp_opb_beta_25_anchor_6,mnist,mnist,opb,25.0,6,4,2.376121,2.069703,0.280634,0.759263,0.105030,0.981600,
mnist_mlp_opb_beta_25_anchor_6,mnist,mnist,opb,25.0,6,5,2.395271,2.040629,0.316960,0.886242,0.128967,0.980200,
mnist_mlp_opb_beta_5_anchor_1,mnist,mnist,opb,5.0,1,1,0.341853,0.381578,0.019209,0.039879,1.688941,0.977900,
mnist_mlp_opb_beta_5_anchor_1,mnist,mnist,opb,5.0,1,2,0.438698,0.493154,0.026391,0.055414,1.539394,0.976300,
mnist_mlp_opb_beta_5_anchor_1,mnist,mnist,opb,5.0,1,3,0.417364,0.449868,0.028245,0.057580,1.538010,0.973900,
mnist_mlp_opb_beta_5_anchor_1,mnist,mnist,opb,5.0,1,4,0.466654,0.495744,0.031696,0.065276,1.476946,0.974600,
mnist_mlp_opb_beta_5_anchor_1,mnist,mnist,opb,5.0,1,5,0.412312,0.452047,0.025827,0.053637,1.551138,0.976700,
mnist_mlp_opb_beta_5_anchor_12,mnist,mnist,opb,5.0,12,1,2.263907,2.093786,0.213923,0.566619,0.076241,0.984800,
mnist_mlp_opb_beta_5_anchor_12,mnist,mnist,opb,5.0,12,2,2.141099,2.021871,0.177403,0.455438,0.067576,0.984100,
mnist_mlp_opb_beta_5_anchor_12,mnist,mnist,opb,5.0,12,3,2.412600,2.100624,0.299887,0.879432,0.116867,0.984100,
mnist_mlp_opb_beta_5_anchor_12,mnist,mnist,opb,5.0,12,4,2.479084,2.088743,0.368893,1.159814,0.147725,0.984000,
mnist_mlp_opb_beta_5_anchor_12,mnist,mnist,opb,5.0,12,5,2.293841,2.085537,0.230998,0.635868,0.092040,0.983600,
mnist_mlp_opb_beta_5_anchor_6,mnist,mnist,opb,5.0,6,1,2.215287,2.041019,0.196761,0.497878,0.076261,0.983700,
mnist_mlp_opb_beta_5_anchor_6,mnist,mnist,opb,5.0,6,2,2.417154,2.064559,0.314379,0.881317,0.126277,0.981900,
mnist_mlp_opb_beta_5_anchor_6,mnist,mnist,opb,5.0,6,3,2.267228,2.054579,0.219645,0.570329,0.085455,0.983000,
mnist_mlp_opb_beta_5_anchor_6,mnist,mnist,opb,5.0,6,4,2.326112,2.074806,0.241687,0.644472,0.093622,0.983700,
mnist_mlp_opb_beta_5_anchor_6,mnist,mnist,opb,5.0,6,5,2.260020,2.052087,0.212774,0.550065,0.083034,0.984000,
mnist_mlp_opb_beta_5e-05_anchor_1,mnist,mnist,opb,5e-05,1,1,7.896489,2.234336,6.895771,19486.797171,0.068627,0.980900,
mnist_mlp_opb_beta_5e-05_anchor_1,mnist,mnist,opb,5e-05,1,2,7.932164,2.243145,6.905829,13507.048058,0.059386,0.983000,
mnist_mlp_opb_beta_5e-05_anchor_1,mnist,mnist,opb,5e-05,1,3,7.616953,2.230228,6.902395,52413.183850,0.073492,0.982600,
mnist_mlp_opb_beta_5e-05_anchor_1,mnist,mnist,opb,5e-05,1,4,7.903309,2.232192,6.906870,27387.767790,0.072628,0.981900,
mnist_mlp_opb_beta_5e-05_anchor_1,mnist,mnist,opb,5e-05,1,5,7.869608,2.239541,6.901869,20529.500740,0.065347,0.983300,
mnist_mlp_opb_beta_5e-05_anchor_12,mnist,mnist,opb,5e-05,12,1,7.789953,2.216243,6.908980,7196.542175,0.084560,0.980300,
mnist_mlp_opb_beta_5e-05_anchor_12,mnist,mnist,opb,5e-05,12,2,7.855851,2.215057,6.909392,22065.641421,0.085752,0.981700,
mnist_mlp_opb_beta_5e-05_anchor_12,mnist,mnist,opb,5e-05,12,3,7.832769,2.213737,6.909225,10176.909430,0.086189,0.979800,
mnist_mlp_opb_beta_5e-05_anchor_12,mnist,mnist,opb,5e-05,12,4,7.839513,2.186750,6.909259,47688.078782,0.114579,0.981800,
mnist_mlp_opb_beta_5e-05_anchor_12,mnist,mnist,opb,5e-05,12,5,7.822952,2.214812,6.909263,12394.628772,0.083165,0.981600,
mnist_mlp_opb_beta_5e-05_anchor_6,mnist,mnist,opb,5e-05,6,1,7.966579,2.216485,6.909285,20843.397674,0.085499,0.980800,
mnist_mlp_opb_beta_5e-05_anchor_6,mnist,mnist,opb,5e-05,6,2,7.908150,2.229029,6.905976,20569.395473,0.073749,0.981700,
mnist_mlp_opb_beta_5e-05_anchor_6,mnist,mnist,opb,5e-05,6,3,7.927794,2.226255,6.908662,20679.583546,0.073421,0.980700,
mnist_mlp_opb_beta_5e-05_anchor_6,mnist,mnist,opb,5e-05,6,4,7.944075,2.218999,6.909303,28443.305879,0.084228,0.982500,
mnist_mlp_opb_beta_5e-05_anchor_6,mnist,mnist,opb,5e-05,6,5,7.929957,2.226499,6.909300,11852.454318,0.076172,0.982100,
