combo,dataset,task,model,beta,anchor,run,I_XZ,I_YZ,I_XZ_given_Y,CE,Acc,R2
mnist_mlp_ceb_beta_0.0001,mnist,mnist,ceb,0.0001,1,5.954836,2.223887,3.730949,0.078699,0.983200,
mnist_mlp_ceb_beta_0.0001,mnist,mnist,ceb,0.0001,2,6.543829,2.237246,4.306583,0.065339,0.982400,
mnist_mlp_ceb_beta_0.0001,mnist,mnist,ceb,0.0001,3,6.317168,2.240471,4.076697,0.062114,0.984100,
mnist_mlp_ceb_beta_0.0001,mnist,mnist,ceb,0.0001,4,5.998348,2.223197,3.775151,0.079388,0.981900,
mnist_mlp_ceb_beta_0.0001,mnist,mnist,ceb,0.0001,5,6.235801,2.232528,4.003273,0.070057,0.982500,
mnist_mlp_ceb_beta_0.0005,mnist,mnist,ceb,0.0005,1,4.469729,2.239561,2.230169,0.063024,0.983500,
mnist_mlp_ceb_beta_0.0005,mnist,mnist,ceb,0.0005,2,4.489156,2.230291,2.258865,0.072294,0.982100,
mnist_mlp_ceb_beta_0.0005,mnist,mnist,ceb,0.0005,3,4.986981,2.234085,2.752896,0.068500,0.980600,
mnist_mlp_ceb_beta_0.0005,mnist,mnist,ceb,0.0005,4,4.351057,2.231429,2.119628,0.071157,0.982900,
mnist_mlp_ceb_beta_0.0005,mnist,mnist,ceb,0.0005,5,4.168464,2.223203,1.945261,0.079382,0.983600,
mnist_mlp_ceb_beta_0.001,mnist,mnist,ceb,0.001,1,4.285568,2.238205,2.047362,0.064380,0.981700,
mnist_mlp_ceb_beta_0.001,mnist,mnist,ceb,0.001,2,3.811638,2.235792,1.575846,0.066793,0.985700,
mnist_mlp_ceb_beta_0.001,mnist,mnist,ceb,0.001,3,4.267450,2.233160,2.034290,0.069425,0.982200,
mnist_mlp_ceb_beta_0.001,mnist,mnist,ceb,0.001,4,4.119027,2.240289,1.878738,0.062296,0.982300,
mnist_mlp_ceb_beta_0.001,mnist,mnist,ceb,0.001,5,4.034043,2.234858,1.799185,0.067727,0.983300,
mnist_mlp_ceb_beta_0.005,mnist,mnist,ceb,0.005,1,3.165887,2.236708,0.929179,0.065877,0.981500,
mnist_mlp_ceb_beta_0.005,mnist,mnist,ceb,0.005,2,3.171475,2.230971,0.940504,0.071614,0.982200,
mnist_mlp_ceb_beta_0.005,mnist,mnist,ceb,0.005,3,3.226907,2.228621,0.998286,0.073964,0.981300,
mnist_mlp_ceb_beta_0.005,mnist,mnist,ceb,0.005,4,2.956456,2.229040,0.727416,0.073545,0.985000,
mnist_mlp_ceb_beta_0.005,mnist,mnist,ceb,0.005,5,3.253368,2.238516,1.014852,0.064069,0.982900,
mnist_mlp_ceb_beta_0.01,mnist,mnist,ceb,0.01,1,2.828875,2.232550,0.596324,0.070035,0.984400,
mnist_mlp_ceb_beta_0.01,mnist,mnist,ceb,0.01,2,2.956980,2.241913,0.715067,0.060672,0.984300,
mnist_mlp_ceb_beta_0.01,mnist,mnist,ceb,0.01,3,2.898772,2.229632,0.669139,0.072953,0.985100,
mnist_mlp_ceb_beta_0.01,mnist,mnist,ceb,0.01,4,2.928765,2.237437,0.691329,0.065148,0.984700,
mnist_mlp_ceb_beta_0.01,mnist,mnist,ceb,0.01,5,2.898217,2.227610,0.670607,0.074975,0.982900,
mnist_mlp_ceb_beta_0.05,mnist,mnist,ceb,0.05,1,2.609601,2.218326,0.391275,0.084259,0.981900,
mnist_mlp_ceb_beta_0.05,mnist,mnist,ceb,0.05,2,2.676223,2.231198,0.445025,0.071387,0.981800,
mnist_mlp_ceb_beta_0.05,mnist,mnist,ceb,0.05,3,2.685710,2.237938,0.447772,0.064647,0.982800,
mnist_mlp_ceb_beta_0.05,mnist,mnist,ceb,0.05,4,2.651987,2.235972,0.416014,0.066613,0.984500,
mnist_mlp_ceb_beta_0.05,mnist,mnist,ceb,0.05,5,2.667164,2.235686,0.431478,0.066899,0.982400,
mnist_mlp_ceb_beta_0.1,mnist,mnist,ceb,0.1,1,2.524165,2.228635,0.295530,0.073950,0.982600,
mnist_mlp_ceb_beta_0.1,mnist,mnist,ceb,0.1,2,2.523870,2.222195,0.301676,0.080390,0.981100,
mnist_mlp_ceb_beta_0.1,mnist,mnist,ceb,0.1,3,2.500268,2.223031,0.277238,0.079554,0.982400,
mnist_mlp_ceb_beta_0.1,mnist,mnist,ceb,0.1,4,2.542664,2.229812,0.312852,0.072773,0.981000,
mnist_mlp_ceb_beta_0.1,mnist,mnist,ceb,0.1,5,2.580820,2.231104,0.349716,0.071481,0.980900,
mnist_mlp_ceb_beta_0.5,mnist,mnist,ceb,0.5,1,0.904867,0.907844,-0.002977,1.394741,0.410800,
mnist_mlp_ceb_beta_0.5,mnist,mnist,ceb,0.5,2,2.267478,2.201520,0.065958,0.101065,0.976500,
mnist_mlp_ceb_beta_0.5,mnist,mnist,ceb,0.5,3,2.186504,2.128744,0.057761,0.173841,0.969000,
mnist_mlp_ceb_beta_0.5,mnist,mnist,ceb,0.5,4,2.297011,2.217143,0.079867,0.085442,0.977600,
mnist_mlp_ceb_beta_0.5,mnist,mnist,ceb,0.5,5,2.162404,2.098331,0.064073,0.204255,0.965400,
mnist_mlp_ceb_beta_1,mnist,mnist,ceb,1.0,1,-0.000000,0.000737,-0.000737,2.301848,0.102800,
mnist_mlp_ceb_beta_1,mnist,mnist,ceb,1.0,2,0.511464,0.601834,-0.090370,1.700751,0.311900,
mnist_mlp_ceb_beta_1,mnist,mnist,ceb,1.0,3,0.173179,0.234853,-0.061674,2.067732,0.215100,
mnist_mlp_ceb_beta_1,mnist,mnist,ceb,1.0,4,0.594022,0.674701,-0.080679,1.627884,0.496400,
mnist_mlp_ceb_beta_1,mnist,mnist,ceb,1.0,5,0.163562,0.224180,-0.060617,2.078405,0.214700,
mnist_mlp_ceb_beta_10,mnist,mnist,ceb,10.0,1,-0.000000,0.000656,-0.000656,2.301929,0.102800,
mnist_mlp_ceb_beta_10,mnist,mnist,ceb,10.0,2,-0.000000,0.001092,-0.001092,2.301493,0.113500,
mnist_mlp_ceb_beta_10,mnist,mnist,ceb,10.0,3,-0.000000,0.000435,-0.000435,2.302150,0.101000,
mnist_mlp_ceb_beta_10,mnist,mnist,ceb,10.0,4,-0.000000,0.000944,-0.000944,2.301641,0.101000,
mnist_mlp_ceb_beta_10,mnist,mnist,ceb,10.0,5,-0.000000,0.001046,-0.001046,2.301539,0.113500,
mnist_mlp_ceb_beta_15,mnist,mnist,ceb,15.0,1,-0.000000,0.000653,-0.000653,2.301932,0.102800,
mnist_mlp_ceb_beta_15,mnist,mnist,ceb,15.0,2,-0.000000,0.001091,-0.001091,2.301494,0.113500,
mnist_mlp_ceb_beta_15,mnist,mnist,ceb,15.0,3,-0.000000,0.000430,-0.000430,2.302155,0.101000,
mnist_mlp_ceb_beta_15,mnist,mnist,ceb,15.0,4,-0.000000,0.000942,-0.000942,2.301643,0.101000,
mnist_mlp_ceb_beta_15,mnist,mnist,ceb,15.0,5,-0.000000,0.001044,-0.001044,2.301541,0.113500,
mnist_mlp_ceb_beta_20,mnist,mnist,ceb,20.0,1,-0.000000,0.000651,-0.000651,2.301934,0.102800,
mnist_mlp_ceb_beta_20,mnist,mnist,ceb,20.0,2,-0.000000,0.001090,-0.001090,2.301495,0.113500,
mnist_mlp_ceb_beta_20,mnist,mnist,ceb,20.0,3,-0.000000,0.000427,-0.000427,2.302158,0.101000,
mnist_mlp_ceb_beta_20,mnist,mnist,ceb,20.0,4,-0.000000,0.000941,-0.000941,2.301644,0.101000,
mnist_mlp_ceb_beta_20,mnist,mnist,ceb,20.0,5,-0.000000,0.001043,-0.001043,2.301542,0.113500,
mnist_mlp_ceb_beta_25,mnist,mnist,ceb,25.0,1,-0.000000,0.000649,-0.000649,2.301936,0.102800,
mnist_mlp_ceb_beta_25,mnist,mnist,ceb,25.0,2,-0.000000,0.001090,-0.001090,2.301496,0.113500,
mnist_mlp_ceb_beta_25,mnist,mnist,ceb,25.0,3,-0.000000,0.000426,-0.000426,2.302159,0.101000,
mnist_mlp_ceb_beta_25,mnist,mnist,ceb,25.0,4,-0.000000,0.000940,-0.000940,2.301645,0.101000,
mnist_mlp_ceb_beta_25,mnist,mnist,ceb,25.0,5,-0.000000,0.001043,-0.001043,2.301542,0.113500,
mnist_mlp_ceb_beta_5,mnist,mnist,ceb,5.0,1,-0.000000,0.000665,-0.000665,2.301920,0.102800,
mnist_mlp_ceb_beta_5,mnist,mnist,ceb,5.0,2,-0.000000,0.001097,-0.001097,2.301488,0.113500,
mnist_mlp_ceb_beta_5,mnist,mnist,ceb,5.0,3,-0.000000,0.000450,-0.000450,2.302135,0.101000,
mnist_mlp_ceb_beta_5,mnist,mnist,ceb,5.0,4,-0.000000,0.000951,-0.000951,2.301634,0.101000,
mnist_mlp_ceb_beta_5,mnist,mnist,ceb,5.0,5,-0.000000,0.001054,-0.001054,2.301532,0.113500,
mnist_mlp_ceb_beta_5e-05,mnist,mnist,ceb,5e-05,1,7.165429,2.232472,4.932957,0.070113,0.981300,
mnist_mlp_ceb_beta_5e-05,mnist,mnist,ceb,5e-05,2,7.112173,2.225695,4.886478,0.076890,0.983200,
mnist_mlp_ceb_beta_5e-05,mnist,mnist,ceb,5e-05,3,7.162466,2.237800,4.924667,0.064785,0.981700,
mnist_mlp_ceb_beta_5e-05,mnist,mnist,ceb,5e-05,4,7.375023,2.234542,5.140481,0.068044,0.980000,
mnist_mlp_ceb_beta_5e-05,mnist,mnist,ceb,5e-05,5,7.263583,2.225684,5.037899,0.076901,0.978100,
mnist_mlp_opb_beta_0.0001_anchor_1,mnist,mnist,opb,0.0001,1,7.844784,2.229353,5.615431,0.073232,0.979800,
mnist_mlp_opb_beta_0.0001_anchor_1,mnist,mnist,opb,0.0001,2,7.877750,2.237169,5.640581,0.065416,0.980800,
mnist_mlp_opb_beta_0.0001_anchor_1,mnist,mnist,opb,0.0001,3,7.883990,2.229940,5.654050,0.072645,0.978800,
mnist_mlp_opb_beta_0.0001_anchor_1,mnist,mnist,opb,0.0001,4,7.469843,2.235415,5.234428,0.067170,0.983000,
mnist_mlp_opb_beta_0.0001_anchor_1,mnist,mnist,opb,0.0001,5,7.286796,2.234257,5.052539,0.068328,0.982600,
mnist_mlp_opb_beta_0.0001_anchor_12,mnist,mnist,opb,0.0001,1,7.805082,2.208596,5.596486,0.093990,0.981400,
mnist_mlp_opb_beta_0.0001_anchor_12,mnist,mnist,opb,0.0001,2,7.744427,2.224580,5.519847,0.078005,0.980300,
mnist_mlp_opb_beta_0.0001_anchor_12,mnist,mnist,opb,0.0001,3,7.735917,2.228967,5.506950,0.073618,0.980200,
mnist_mlp_opb_beta_0.0001_anchor_12,mnist,mnist,opb,0.0001,4,7.838150,2.211384,5.626766,0.091201,0.980100,
mnist_mlp_opb_beta_0.0001_anchor_12,mnist,mnist,opb,0.0001,5,7.774912,2.222843,5.552069,0.079742,0.979700,
mnist_mlp_opb_beta_0.0001_anchor_6,mnist,mnist,opb,0.0001,1,7.909367,2.225362,5.684005,0.077223,0.979200,
mnist_mlp_opb_beta_0.0001_anchor_6,mnist,mnist,opb,0.0001,2,7.888306,2.233688,5.654618,0.068897,0.979700,
mnist_mlp_opb_beta_0.0001_anchor_6,mnist,mnist,opb,0.0001,3,7.922402,2.229312,5.693090,0.073273,0.982900,
mnist_mlp_opb_beta_0.0001_anchor_6,mnist,mnist,opb,0.0001,4,7.877284,2.221935,5.655350,0.080651,0.982500,
mnist_mlp_opb_beta_0.0001_anchor_6,mnist,mnist,opb,0.0001,5,7.857772,2.220881,5.636890,0.081704,0.981300,
mnist_mlp_opb_beta_0.0005_anchor_1,mnist,mnist,opb,0.0005,1,6.299755,2.238370,4.061385,0.064215,0.981200,
mnist_mlp_opb_beta_0.0005_anchor_1,mnist,mnist,opb,0.0005,2,6.133165,2.237559,3.895606,0.065026,0.981100,
mnist_mlp_opb_beta_0.0005_anchor_1,mnist,mnist,opb,0.0005,3,5.580538,2.233680,3.346858,0.068905,0.983800,
mnist_mlp_opb_beta_0.0005_anchor_1,mnist,mnist,opb,0.0005,4,6.322539,2.235228,4.087311,0.067357,0.979900,
mnist_mlp_opb_beta_0.0005_anchor_1,mnist,mnist,opb,0.0005,5,5.744124,2.243565,3.500559,0.059020,0.984500,
mnist_mlp_opb_beta_0.0005_anchor_12,mnist,mnist,opb,0.0005,1,7.618445,2.203673,5.414772,0.098913,0.977800,
mnist_mlp_opb_beta_0.0005_anchor_12,mnist,mnist,opb,0.0005,2,7.645145,2.216241,5.428904,0.086344,0.978800,
mnist_mlp_opb_beta_0.0005_anchor_12,mnist,mnist,opb,0.0005,3,7.595115,2.215391,5.379724,0.087194,0.978300,
mnist_mlp_opb_beta_0.0005_anchor_12,mnist,mnist,opb,0.0005,4,7.638985,2.206297,5.432688,0.096288,0.981800,
mnist_mlp_opb_beta_0.0005_anchor_12,mnist,mnist,opb,0.0005,5,7.616361,2.219972,5.396389,0.082613,0.982200,
mnist_mlp_opb_beta_0.0005_anchor_6,mnist,mnist,opb,0.0005,1,6.872779,2.210763,4.662016,0.091822,0.981000,
mnist_mlp_opb_beta_0.0005_anchor_6,mnist,mnist,opb,0.0005,2,7.563815,2.227521,5.336294,0.075064,0.981300,
mnist_mlp_opb_beta_0.0005_anchor_6,mnist,mnist,opb,0.0005,3,6.868705,2.213679,4.655026,0.088906,0.980300,
mnist_mlp_opb_beta_0.0005_anchor_6,mnist,mnist,opb,0.0005,4,7.063027,2.217126,4.845900,0.085459,0.980400,
mnist_mlp_opb_beta_0.0005_anchor_6,mnist,mnist,opb,0.0005,5,7.483146,2.226261,5.256885,0.076325,0.981800,
mnist_mlp_opb_beta_0.001_anchor_1,mnist,mnist,opb,0.001,1,5.008892,2.234675,2.774216,0.067910,0.982400,
mnist_mlp_opb_beta_0.001_anchor_1,mnist,mnist,opb,0.001,2,5.628268,2.236086,3.392181,0.066499,0.979400,
mnist_mlp_opb_beta_0.001_anchor_1,mnist,mnist,opb,0.001,3,5.207893,2.239801,2.968093,0.062784,0.981300,
mnist_mlp_opb_beta_0.001_anchor_1,mnist,mnist,opb,0.001,4,5.828689,2.237735,3.590954,0.064850,0.982000,
mnist_mlp_opb_beta_0.001_anchor_1,mnist,mnist,opb,0.001,5,4.935157,2.239704,2.695453,0.062881,0.983500,
mnist_mlp_opb_beta_0.001_anchor_12,mnist,mnist,opb,0.001,1,6.881335,2.159106,4.722229,0.143479,0.977300,
mnist_mlp_opb_beta_0.001_anchor_12,mnist,mnist,opb,0.001,2,7.284918,2.202263,5.082655,0.100322,0.978600,
mnist_mlp_opb_beta_0.001_anchor_12,mnist,mnist,opb,0.001,3,7.268948,2.211231,5.057717,0.091354,0.981700,
mnist_mlp_opb_beta_0.001_anchor_12,mnist,mnist,opb,0.001,4,7.199161,2.206611,4.992550,0.095974,0.980800,
mnist_mlp_opb_beta_0.001_anchor_12,mnist,mnist,opb,0.001,5,6.723021,2.173706,4.549315,0.128879,0.980800,
mnist_mlp_opb_beta_0.001_anchor_6,mnist,mnist,opb,0.001,1,4.908971,2.214483,2.694489,0.088102,0.982400,
mnist_mlp_opb_beta_0.001_anchor_6,mnist,mnist,opb,0.001,2,5.555694,2.214489,3.341205,0.088097,0.983000,
mnist_mlp_opb_beta_0.001_anchor_6,mnist,mnist,opb,0.001,3,5.439147,2.211982,3.227165,0.090603,0.982100,
mnist_mlp_opb_beta_0.001_anchor_6,mnist,mnist,opb,0.001,4,6.760897,2.229420,4.531477,0.073165,0.981500,
mnist_mlp_opb_beta_0.001_anchor_6,mnist,mnist,opb,0.001,5,6.059172,2.212800,3.846373,0.089785,0.978900,
mnist_mlp_opb_beta_0.005_anchor_1,mnist,mnist,opb,0.005,1,4.150212,2.233420,1.916791,0.069165,0.978700,
mnist_mlp_opb_beta_0.005_anchor_1,mnist,mnist,opb,0.005,2,3.682174,2.239741,1.442433,0.062844,0.983000,
mnist_mlp_opb_beta_0.005_anchor_1,mnist,mnist,opb,0.005,3,3.750358,2.237248,1.513110,0.065338,0.981200,
mnist_mlp_opb_beta_0.005_anchor_1,mnist,mnist,opb,0.005,4,3.779686,2.238217,1.541469,0.064369,0.982800,
mnist_mlp_opb_beta_0.005_anchor_1,mnist,mnist,opb,0.005,5,3.877357,2.238743,1.638614,0.063842,0.981200,
mnist_mlp_opb_beta_0.005_anchor_12,mnist,mnist,opb,0.005,1,5.271331,2.085978,3.185353,0.216607,0.979200,
mnist_mlp_opb_beta_0.005_anchor_12,mnist,mnist,opb,0.005,2,5.849770,2.148148,3.701623,0.154437,0.975500,
mnist_mlp_opb_beta_0.005_anchor_12,mnist,mnist,opb,0.005,3,6.071533,2.167543,3.903990,0.135042,0.980000,
mnist_mlp_opb_beta_0.005_anchor_12,mnist,mnist,opb,0.005,4,6.075082,2.141289,3.933793,0.161296,0.977000,
mnist_mlp_opb_beta_0.005_anchor_12,mnist,mnist,opb,0.005,5,5.380406,2.112871,3.267535,0.189714,0.981700,
mnist_mlp_opb_beta_0.005_anchor_6,mnist,mnist,opb,0.005,1,3.679397,2.214659,1.464738,0.087926,0.984300,
mnist_mlp_opb_beta_0.005_anchor_6,mnist,mnist,opb,0.005,2,4.077471,2.220021,1.857450,0.082564,0.982800,
mnist_mlp_opb_beta_0.005_anchor_6,mnist,mnist,opb,0.005,3,3.660293,2.210508,1.449785,0.092077,0.984300,
mnist_mlp_opb_beta_0.005_anchor_6,mnist,mnist,opb,0.005,4,3.562143,2.207589,1.354553,0.094996,0.982600,
mnist_mlp_opb_beta_0.005_anchor_6,mnist,mnist,opb,0.005,5,3.639613,2.210993,1.428620,0.091592,0.984000,
mnist_mlp_opb_beta_0.01_anchor_1,mnist,mnist,opb,0.01,1,3.147145,2.236608,0.910536,0.065977,0.982200,
mnist_mlp_opb_beta_0.01_anchor_1,mnist,mnist,opb,0.01,2,3.438631,2.233258,1.205373,0.069327,0.981300,
mnist_mlp_opb_beta_0.01_anchor_1,mnist,mnist,opb,0.01,3,3.385155,2.237554,1.147601,0.065031,0.981200,
mnist_mlp_opb_beta_0.01_anchor_1,mnist,mnist,opb,0.01,4,3.540171,2.235539,1.304633,0.067046,0.981600,
mnist_mlp_opb_beta_0.01_anchor_1,mnist,mnist,opb,0.01,5,3.163817,2.241095,0.922722,0.061490,0.984000,
mnist_mlp_opb_beta_0.01_anchor_12,mnist,mnist,opb,0.01,1,4.539702,2.084576,2.455126,0.218009,0.981400,
mnist_mlp_opb_beta_0.01_anchor_12,mnist,mnist,opb,0.01,2,4.116588,2.104972,2.011616,0.197613,0.983400,
mnist_mlp_opb_beta_0.01_anchor_12,mnist,mnist,opb,0.01,3,3.587210,2.101750,1.485460,0.200835,0.983100,
mnist_mlp_opb_beta_0.01_anchor_12,mnist,mnist,opb,0.01,4,5.411607,2.085018,3.326590,0.217567,0.978600,
mnist_mlp_opb_beta_0.01_anchor_12,mnist,mnist,opb,0.01,5,3.912133,2.086032,1.826101,0.216553,0.983100,
mnist_mlp_opb_beta_0.01_anchor_6,mnist,mnist,opb,0.01,1,3.920585,2.203101,1.717484,0.099485,0.981800,
mnist_mlp_opb_beta_0.01_anchor_6,mnist,mnist,opb,0.01,2,3.533166,2.216296,1.316870,0.086289,0.983300,
mnist_mlp_opb_beta_0.01_anchor_6,mnist,mnist,opb,0.01,3,3.459833,2.210948,1.248885,0.091638,0.984400,
mnist_mlp_opb_beta_0.01_anchor_6,mnist,mnist,opb,0.01,4,3.758095,2.209834,1.548261,0.092751,0.983400,
mnist_mlp_opb_beta_0.01_anchor_6,mnist,mnist,opb,0.01,5,3.594762,2.215916,1.378846,0.086669,0.982400,
mnist_mlp_opb_beta_0.05_anchor_1,mnist,mnist,opb,0.05,1,2.636927,2.230806,0.406121,0.071779,0.981200,
mnist_mlp_opb_beta_0.05_anchor_1,mnist,mnist,opb,0.05,2,2.772177,2.235836,0.536341,0.066749,0.981800,
mnist_mlp_opb_beta_0.05_anchor_1,mnist,mnist,opb,0.05,3,2.749162,2.232195,0.516967,0.070390,0.982400,
mnist_mlp_opb_beta_0.05_anchor_1,mnist,mnist,opb,0.05,4,2.665959,2.234216,0.431743,0.068369,0.981200,
mnist_mlp_opb_beta_0.05_anchor_1,mnist,mnist,opb,0.05,5,2.709866,2.223287,0.486579,0.079298,0.980500,
mnist_mlp_opb_beta_0.05_anchor_12,mnist,mnist,opb,0.05,1,2.632750,2.173719,0.459031,0.128866,0.984200,
mnist_mlp_opb_beta_0.05_anchor_12,mnist,mnist,opb,0.05,2,2.788991,2.143856,0.645135,0.158729,0.984300,
mnist_mlp_opb_beta_0.05_anchor_12,mnist,mnist,opb,0.05,3,2.811781,2.129838,0.681943,0.172747,0.983300,
mnist_mlp_opb_beta_0.05_anchor_12,mnist,mnist,opb,0.05,4,3.029231,2.091090,0.938142,0.211495,0.984900,
mnist_mlp_opb_beta_0.05_anchor_12,mnist,mnist,opb,0.05,5,2.601825,2.189826,0.411999,0.112759,0.985300,
mnist_mlp_opb_beta_0.05_anchor_6,mnist,mnist,opb,0.05,1,2.755708,2.201269,0.554438,0.101316,0.984600,
mnist_mlp_opb_beta_0.05_anchor_6,mnist,mnist,opb,0.05,2,2.684070,2.213304,0.470765,0.089281,0.984200,
mnist_mlp_opb_beta_0.05_anchor_6,mnist,mnist,opb,0.05,3,2.912767,2.197460,0.715307,0.105125,0.982400,
mnist_mlp_opb_beta_0.05_anchor_6,mnist,mnist,opb,0.05,4,2.850370,2.201902,0.648468,0.100683,0.983300,
mnist_mlp_opb_beta_0.05_anchor_6,mnist,mnist,opb,0.05,5,2.810561,2.206272,0.604289,0.096314,0.983300,
mnist_mlp_opb_beta_0.1_anchor_1,mnist,mnist,opb,0.1,1,2.538042,2.232219,0.305823,0.070366,0.981200,
mnist_mlp_opb_beta_0.1_anchor_1,mnist,mnist,opb,0.1,2,2.540000,2.228375,0.311626,0.074211,0.981400,
mnist_mlp_opb_beta_0.1_anchor_1,mnist,mnist,opb,0.1,3,2.572308,2.216871,0.355437,0.085714,0.979800,
mnist_mlp_opb_beta_0.1_anchor_1,mnist,mnist,opb,0.1,4,2.563609,2.209602,0.354008,0.092984,0.979800,
mnist_mlp_opb_beta_0.1_anchor_1,mnist,mnist,opb,0.1,5,2.554236,2.223350,0.330886,0.079235,0.981000,
mnist_mlp_opb_beta_0.1_anchor_12,mnist,mnist,opb,0.1,1,2.492217,2.190074,0.302143,0.112511,0.985100,
mnist_mlp_opb_beta_0.1_anchor_12,mnist,mnist,opb,0.1,2,2.696508,2.124069,0.572439,0.178516,0.985300,
mnist_mlp_opb_beta_0.1_anchor_12,mnist,mnist,opb,0.1,3,2.821179,2.094702,0.726477,0.207883,0.984400,
mnist_mlp_opb_beta_0.1_anchor_12,mnist,mnist,opb,0.1,4,2.897612,2.071471,0.826141,0.231115,0.983200,
mnist_mlp_opb_beta_0.1_anchor_12,mnist,mnist,opb,0.1,5,2.724764,2.137521,0.587243,0.165064,0.984200,
mnist_mlp_opb_beta_0.1_anchor_6,mnist,mnist,opb,0.1,1,2.689591,2.197120,0.492472,0.105465,0.983500,
mnist_mlp_opb_beta_0.1_anchor_6,mnist,mnist,opb,0.1,2,2.680416,2.202967,0.477449,0.099618,0.983300,
mnist_mlp_opb_beta_0.1_anchor_6,mnist,mnist,opb,0.1,3,2.767031,2.207105,0.559926,0.095480,0.983600,
mnist_mlp_opb_beta_0.1_anchor_6,mnist,mnist,opb,0.1,4,2.536525,2.215362,0.321163,0.087223,0.984300,
mnist_mlp_opb_beta_0.1_anchor_6,mnist,mnist,opb,0.1,5,2.548649,2.200458,0.348191,0.102127,0.984900,
mnist_mlp_opb_beta_0.5_anchor_1,mnist,mnist,opb,0.5,1,1.993227,2.116895,-0.123667,0.185691,0.977800,
mnist_mlp_opb_beta_0.5_anchor_1,mnist,mnist,opb,0.5,2,2.027431,2.156395,-0.128963,0.146191,0.978800,
mnist_mlp_opb_beta_0.5_anchor_1,mnist,mnist,opb,0.5,3,1.990969,2.107302,-0.116334,0.195283,0.977200,
mnist_mlp_opb_beta_0.5_anchor_1,mnist,mnist,opb,0.5,4,1.989459,2.041123,-0.051664,0.261462,0.975400,
mnist_mlp_opb_beta_0.5_anchor_1,mnist,mnist,opb,0.5,5,2.068265,2.132409,-0.064144,0.170176,0.978600,
mnist_mlp_opb_beta_0.5_anchor_12,mnist,mnist,opb,0.5,1,2.608178,2.121020,0.487158,0.181565,0.986000,
mnist_mlp_opb_beta_0.5_anchor_12,mnist,mnist,opb,0.5,2,2.447802,2.178839,0.268962,0.123746,0.985100,
mnist_mlp_opb_beta_0.5_anchor_12,mnist,mnist,opb,0.5,3,2.455565,2.165616,0.289949,0.136969,0.985300,
mnist_mlp_opb_beta_0.5_anchor_12,mnist,mnist,opb,0.5,4,2.756416,2.041398,0.715018,0.261187,0.985500,
mnist_mlp_opb_beta_0.5_anchor_12,mnist,mnist,opb,0.5,5,2.535875,2.136347,0.399527,0.166238,0.985900,
mnist_mlp_opb_beta_0.5_anchor_6,mnist,mnist,opb,0.5,1,2.407263,2.213077,0.194186,0.089508,0.984100,
mnist_mlp_opb_beta_0.5_anchor_6,mnist,mnist,opb,0.5,2,2.401528,2.211944,0.189584,0.090641,0.984800,
mnist_mlp_opb_beta_0.5_anchor_6,mnist,mnist,opb,0.5,3,2.383552,2.212629,0.170923,0.089956,0.983100,
mnist_mlp_opb_beta_0.5_anchor_6,mnist,mnist,opb,0.5,4,2.391766,2.218079,0.173687,0.084506,0.985200,
mnist_mlp_opb_beta_0.5_anchor_6,mnist,mnist,opb,0.5,5,2.426239,2.206359,0.219880,0.096226,0.983000,
mnist_mlp_opb_beta_10_anchor_1,mnist,mnist,opb,10.0,1,0.167197,0.327327,-0.160130,1.975258,0.978400,
mnist_mlp_opb_beta_10_anchor_1,mnist,mnist,opb,10.0,2,0.230956,0.413864,-0.182908,1.888721,0.978900,
mnist_mlp_opb_beta_10_anchor_1,mnist,mnist,opb,10.0,3,0.293024,0.594894,-0.301870,1.707691,0.975300,
mnist_mlp_opb_beta_10_anchor_1,mnist,mnist,opb,10.0,4,0.359019,0.693539,-0.334520,1.609046,0.976300,
mnist_mlp_opb_beta_10_anchor_1,mnist,mnist,opb,10.0,5,0.254228,0.489074,-0.234845,1.813511,0.978500,
mnist_mlp_opb_beta_10_anchor_12,mnist,mnist,opb,10.0,1,1.981175,2.239986,-0.258810,0.062599,0.984000,
mnist_mlp_opb_beta_10_anchor_12,mnist,mnist,opb,10.0,2,2.121881,2.234434,-0.112553,0.068151,0.984300,
mnist_mlp_opb_beta_10_anchor_12,mnist,mnist,opb,10.0,3,2.399925,2.186615,0.213310,0.115970,0.984200,
mnist_mlp_opb_beta_10_anchor_12,mnist,mnist,opb,10.0,4,2.394009,2.184024,0.209985,0.118561,0.982500,
mnist_mlp_opb_beta_10_anchor_12,mnist,mnist,opb,10.0,5,2.325343,2.197744,0.127599,0.104841,0.983000,
mnist_mlp_opb_beta_10_anchor_6,mnist,mnist,opb,10.0,1,2.227525,2.219302,0.008223,0.083284,0.982800,
mnist_mlp_opb_beta_10_anchor_6,mnist,mnist,opb,10.0,2,2.381212,2.183575,0.197637,0.119010,0.980500,
mnist_mlp_opb_beta_10_anchor_6,mnist,mnist,opb,10.0,3,2.376576,2.198993,0.177584,0.103592,0.983000,
mnist_mlp_opb_beta_10_anchor_6,mnist,mnist,opb,10.0,4,2.379811,2.200227,0.179584,0.102358,0.983600,
mnist_mlp_opb_beta_10_anchor_6,mnist,mnist,opb,10.0,5,2.385489,2.189355,0.196134,0.113230,0.982000,
mnist_mlp_opb_beta_15_anchor_1,mnist,mnist,opb,15.0,1,0.117771,0.252610,-0.134840,2.049975,0.970300,
mnist_mlp_opb_beta_15_anchor_1,mnist,mnist,opb,15.0,2,0.162452,0.330618,-0.168166,1.971967,0.978100,
mnist_mlp_opb_beta_15_anchor_1,mnist,mnist,opb,15.0,3,0.225900,0.471274,-0.245373,1.831311,0.978700,
mnist_mlp_opb_beta_15_anchor_1,mnist,mnist,opb,15.0,4,0.301694,0.593399,-0.291705,1.709186,0.977100,
mnist_mlp_opb_beta_15_anchor_1,mnist,mnist,opb,15.0,5,0.184916,0.367813,-0.182897,1.934772,0.979800,
mnist_mlp_opb_beta_15_anchor_12,mnist,mnist,opb,15.0,1,2.306624,2.215595,0.091029,0.086990,0.983700,
mnist_mlp_opb_beta_15_anchor_12,mnist,mnist,opb,15.0,2,2.293143,2.214941,0.078202,0.087644,0.984900,
mnist_mlp_opb_beta_15_anchor_12,mnist,mnist,opb,15.0,3,2.297877,2.220938,0.076939,0.081647,0.984400,
mnist_mlp_opb_beta_15_anchor_12,mnist,mnist,opb,15.0,4,1.818799,2.223088,-0.404289,0.079497,0.983000,
mnist_mlp_opb_beta_15_anchor_12,mnist,mnist,opb,15.0,5,2.370757,2.190526,0.180231,0.112059,0.984000,
mnist_mlp_opb_beta_15_anchor_6,mnist,mnist,opb,15.0,1,2.334777,2.199132,0.135645,0.103453,0.982300,
mnist_mlp_opb_beta_15_anchor_6,mnist,mnist,opb,15.0,2,2.350989,2.189320,0.161669,0.113265,0.980700,
mnist_mlp_opb_beta_15_anchor_6,mnist,mnist,opb,15.0,3,2.357255,2.202936,0.154319,0.099649,0.982500,
mnist_mlp_opb_beta_15_anchor_6,mnist,mnist,opb,15.0,4,2.399606,2.189661,0.209945,0.112924,0.981500,
mnist_mlp_opb_beta_15_anchor_6,mnist,mnist,opb,15.0,5,2.362689,2.191765,0.170924,0.110820,0.980400,
mnist_mlp_opb_beta_1_anchor_1,mnist,mnist,opb,1.0,1,1.414053,1.833297,-0.419245,0.469288,0.975100,
mnist_mlp_opb_beta_1_anchor_1,mnist,mnist,opb,1.0,2,1.372198,1.762719,-0.390521,0.539866,0.977100,
mnist_mlp_opb_beta_1_anchor_1,mnist,mnist,opb,1.0,3,1.385756,1.821516,-0.435760,0.481069,0.976500,
mnist_mlp_opb_beta_1_anchor_1,mnist,mnist,opb,1.0,4,1.259883,1.581058,-0.321176,0.721527,0.974500,
mnist_mlp_opb_beta_1_anchor_1,mnist,mnist,opb,1.0,5,1.620442,2.085338,-0.464895,0.217247,0.978700,
mnist_mlp_opb_beta_1_anchor_12,mnist,mnist,opb,1.0,1,2.512835,2.141008,0.371827,0.161577,0.983700,
mnist_mlp_opb_beta_1_anchor_12,mnist,mnist,opb,1.0,2,2.538725,2.123679,0.415046,0.178906,0.984200,
mnist_mlp_opb_beta_1_anchor_12,mnist,mnist,opb,1.0,3,2.334001,2.220595,0.113406,0.081990,0.985300,
mnist_mlp_opb_beta_1_anchor_12,mnist,mnist,opb,1.0,4,2.406837,2.187976,0.218861,0.114609,0.983600,
mnist_mlp_opb_beta_1_anchor_12,mnist,mnist,opb,1.0,5,2.427450,2.180847,0.246603,0.121738,0.984400,
mnist_mlp_opb_beta_1_anchor_6,mnist,mnist,opb,1.0,1,2.398213,2.205222,0.192991,0.097363,0.983800,
mnist_mlp_opb_beta_1_anchor_6,mnist,mnist,opb,1.0,2,2.413425,2.205248,0.208176,0.097337,0.983800,
mnist_mlp_opb_beta_1_anchor_6,mnist,mnist,opb,1.0,3,2.423987,2.208192,0.215796,0.094393,0.983400,
mnist_mlp_opb_beta_1_anchor_6,mnist,mnist,opb,1.0,4,2.407638,2.210357,0.197281,0.092228,0.985100,
mnist_mlp_opb_beta_1_anchor_6,mnist,mnist,opb,1.0,5,2.369387,2.216748,0.152639,0.085837,0.983800,
mnist_mlp_opb_beta_20_anchor_1,mnist,mnist,opb,20.0,1,0.092282,0.220905,-0.128623,2.081680,0.973500,
mnist_mlp_opb_beta_20_anchor_1,mnist,mnist,opb,20.0,2,0.161115,0.350952,-0.189837,1.951633,0.977800,
mnist_mlp_opb_beta_20_anchor_1,mnist,mnist,opb,20.0,3,0.206166,0.441682,-0.235515,1.860904,0.978200,
mnist_mlp_opb_beta_20_anchor_1,mnist,mnist,opb,20.0,4,0.272991,0.562936,-0.289945,1.739649,0.977500,
mnist_mlp_opb_beta_20_anchor_1,mnist,mnist,opb,20.0,5,0.138409,0.292298,-0.153888,2.010288,0.980000,
mnist_mlp_opb_beta_20_anchor_12,mnist,mnist,opb,20.0,1,2.234509,2.229189,0.005320,0.073396,0.984400,
mnist_mlp_opb_beta_20_anchor_12,mnist,mnist,opb,20.0,2,2.286833,2.212392,0.074441,0.090193,0.984000,
mnist_mlp_opb_beta_20_anchor_12,mnist,mnist,opb,20.0,3,2.399748,2.187190,0.212558,0.115395,0.983000,
mnist_mlp_opb_beta_20_anchor_12,mnist,mnist,opb,20.0,4,2.044085,2.233069,-0.188984,0.069516,0.982500,
mnist_mlp_opb_beta_20_anchor_12,mnist,mnist,opb,20.0,5,1.896843,2.229393,-0.332550,0.073192,0.984000,
mnist_mlp_opb_beta_20_anchor_6,mnist,mnist,opb,20.0,1,1.705300,2.207028,-0.501728,0.095557,0.983600,
mnist_mlp_opb_beta_20_anchor_6,mnist,mnist,opb,20.0,2,2.277921,2.208029,0.069892,0.094556,0.980900,
mnist_mlp_opb_beta_20_anchor_6,mnist,mnist,opb,20.0,3,2.348620,2.204025,0.144595,0.098560,0.981800,
mnist_mlp_opb_beta_20_anchor_6,mnist,mnist,opb,20.0,4,2.385600,2.189242,0.196358,0.113343,0.981300,
mnist_mlp_opb_beta_20_anchor_6,mnist,mnist,opb,20.0,5,2.346334,2.199467,0.146867,0.103118,0.982100,
mnist_mlp_opb_beta_25_anchor_1,mnist,mnist,opb,25.0,1,0.095568,0.238540,-0.142972,2.064045,0.972800,
mnist_mlp_opb_beta_25_anchor_1,mnist,mnist,opb,25.0,2,0.125475,0.284656,-0.159180,2.017930,0.978200,
mnist_mlp_opb_beta_25_anchor_1,mnist,mnist,opb,25.0,3,0.175872,0.375454,-0.199582,1.927131,0.979000,
mnist_mlp_opb_beta_25_anchor_1,mnist,mnist,opb,25.0,4,0.255468,0.538008,-0.282540,1.764577,0.977200,
mnist_mlp_opb_beta_25_anchor_1,mnist,mnist,opb,25.0,5,0.144072,0.317683,-0.173610,1.984902,0.979100,
mnist_mlp_opb_beta_25_anchor_12,mnist,mnist,opb,25.0,1,2.162159,2.232523,-0.070364,0.070062,0.983300,
mnist_mlp_opb_beta_25_anchor_12,mnist,mnist,opb,25.0,2,2.107204,2.236828,-0.129624,0.065757,0.984500,
mnist_mlp_opb_beta_25_anchor_12,mnist,mnist,opb,25.0,3,2.366163,2.197632,0.168530,0.104953,0.983700,
mnist_mlp_opb_beta_25_anchor_12,mnist,mnist,opb,25.0,4,1.981862,2.233911,-0.252049,0.068674,0.982800,
mnist_mlp_opb_beta_25_anchor_12,mnist,mnist,opb,25.0,5,2.308450,2.206109,0.102341,0.096476,0.984400,
mnist_mlp_opb_beta_25_anchor_6,mnist,mnist,opb,25.0,1,2.162342,2.224297,-0.061954,0.078288,0.982000,
mnist_mlp_opb_beta_25_anchor_6,mnist,mnist,opb,25.0,2,2.269515,2.208152,0.061363,0.094433,0.980300,
mnist_mlp_opb_beta_25_anchor_6,mnist,mnist,opb,25.0,3,2.380440,2.194760,0.185680,0.107825,0.982300,
mnist_mlp_opb_beta_25_anchor_6,mnist,mnist,opb,25.0,4,2.379568,2.197555,0.182013,0.105030,0.981600,
mnist_mlp_opb_beta_25_anchor_6,mnist,mnist,opb,25.0,5,2.397518,2.173618,0.223900,0.128967,0.980200,
mnist_mlp_opb_beta_5_anchor_1,mnist,mnist,opb,5.0,1,0.339647,0.613644,-0.273997,1.688941,0.977900,
mnist_mlp_opb_beta_5_anchor_1,mnist,mnist,opb,5.0,2,0.441895,0.763191,-0.321296,1.539394,0.976300,
mnist_mlp_opb_beta_5_anchor_1,mnist,mnist,opb,5.0,3,0.419230,0.764575,-0.345345,1.538010,0.973900,
mnist_mlp_opb_beta_5_anchor_1,mnist,mnist,opb,5.0,4,0.467235,0.825639,-0.358404,1.476946,0.974600,
mnist_mlp_opb_beta_5_anchor_1,mnist,mnist,opb,5.0,5,0.414270,0.751447,-0.337178,1.551138,0.976700,
mnist_mlp_opb_beta_5_anchor_12,mnist,mnist,opb,5.0,1,2.261234,2.226344,0.034890,0.076241,0.984800,
mnist_mlp_opb_beta_5_anchor_12,mnist,mnist,opb,5.0,2,2.142820,2.235009,-0.092189,0.067576,0.984100,
mnist_mlp_opb_beta_5_anchor_12,mnist,mnist,opb,5.0,3,2.408550,2.185718,0.222831,0.116867,0.984100,
mnist_mlp_opb_beta_5_anchor_12,mnist,mnist,opb,5.0,4,2.477834,2.154860,0.322974,0.147725,0.984000,
mnist_mlp_opb_beta_5_anchor_12,mnist,mnist,opb,5.0,5,2.294827,2.210545,0.084281,0.092040,0.983600,
mnist_mlp_opb_beta_5_anchor_6,mnist,mnist,opb,5.0,1,2.221401,2.226324,-0.004923,0.076261,0.983700,
mnist_mlp_opb_beta_5_anchor_6,mnist,mnist,opb,5.0,2,2.420004,2.176308,0.243696,0.126277,0.981900,
mnist_mlp_opb_beta_5_anchor_6,mnist,mnist,opb,5.0,3,2.268249,2.217130,0.051118,0.085455,0.983000,
mnist_mlp_opb_beta_5_anchor_6,mnist,mnist,opb,5.0,4,2.329365,2.208963,0.120402,0.093622,0.983700,
mnist_mlp_opb_beta_5_anchor_6,mnist,mnist,opb,5.0,5,2.262040,2.219551,0.042489,0.083034,0.984000,
mnist_mlp_opb_beta_5e-05_anchor_1,mnist,mnist,opb,5e-05,1,7.903254,2.233958,5.669297,0.068627,0.980900,
mnist_mlp_opb_beta_5e-05_anchor_1,mnist,mnist,opb,5e-05,2,7.947774,2.243199,5.704575,0.059386,0.983000,
mnist_mlp_opb_beta_5e-05_anchor_1,mnist,mnist,opb,5e-05,3,7.641611,2.229093,5.412517,0.073492,0.982600,
mnist_mlp_opb_beta_5e-05_anchor_1,mnist,mnist,opb,5e-05,4,7.900279,2.229957,5.670322,0.072628,0.981900,
mnist_mlp_opb_beta_5e-05_anchor_1,mnist,mnist,opb,5e-05,5,7.852348,2.237239,5.615110,0.065347,0.983300,
mnist_mlp_opb_beta_5e-05_anchor_12,mnist,mnist,opb,5e-05,1,7.837396,2.218026,5.619371,0.084560,0.980300,
mnist_mlp_opb_beta_5e-05_anchor_12,mnist,mnist,opb,5e-05,2,7.867601,2.216833,5.650768,0.085752,0.981700,
mnist_mlp_opb_beta_5e-05_anchor_12,mnist,mnist,opb,5e-05,3,7.824327,2.216396,5.607932,0.086189,0.979800,
mnist_mlp_opb_beta_5e-05_anchor_12,mnist,mnist,opb,5e-05,4,7.827822,2.188006,5.639817,0.114579,0.981800,
mnist_mlp_opb_beta_5e-05_anchor_12,mnist,mnist,opb,5e-05,5,7.834814,2.219420,5.615394,0.083165,0.981600,
mnist_mlp_opb_beta_5e-05_anchor_6,mnist,mnist,opb,5e-05,1,7.963001,2.217086,5.745915,0.085499,0.980800,
mnist_mlp_opb_beta_5e-05_anchor_6,mnist,mnist,opb,5e-05,2,7.925551,2.228836,5.696715,0.073749,0.981700,
mnist_mlp_opb_beta_5e-05_anchor_6,mnist,mnist,opb,5e-05,3,7.854475,2.229164,5.625311,0.073421,0.980700,
mnist_mlp_opb_beta_5e-05_anchor_6,mnist,mnist,opb,5e-05,4,7.941902,2.218357,5.723545,0.084228,0.982500,
mnist_mlp_opb_beta_5e-05_anchor_6,mnist,mnist,opb,5e-05,5,7.932113,2.226414,5.705699,0.076172,0.982100,
